,PC1,PC2,PC3,PC4,PC5,PC6,PC7,PC8,PC9,PC10,PC11,PC12,PC13,PC14,PC15,PC16,PC17,PC18,PC19,PC20,PC21,PC22,PC23,PC24,PC25,PC26,PC27,PC28,PC29,PC30
Wind speed (m/s),0.13568950941381744,-0.025736510229955992,0.04269802543718301,0.018750223022837464,0.01301831324798749,-0.03143412183607045,-0.005572991417353239,0.0008611212036977055,0.0067931466601892955,-0.013722536039397997,-0.0026545679685118133,-0.029735396074753246,-0.05066538155894291,0.027221926626503877,-0.011407142644715287,-0.012483551394462283,-0.017091794612879442,-0.003200009803263502,-0.015994849634159633,-0.011008296121434374,0.02193371052514957,-0.0031061835043785205,-0.0017980514534682824,0.013014978238839861,-0.019926816834425737,0.011788923245558391,-0.0036202158815927758,0.0033256908665002245,0.012295013544345269,0.0029318556838168696
"Wind speed, Standard deviation (m/s)",0.08270091499208643,0.10406592655385064,0.01759257725821936,-0.10743966454059202,-0.09535649581347544,0.16517785136775237,-0.03200742587686424,-0.021027882568302275,0.002413691509913671,-0.013946802242733309,-0.00032374477891397406,0.033204879366580786,0.0028648909630120427,-0.06559087695564417,-0.03333879889371378,-0.039856545236582795,0.01671706470449047,-0.016611991327103448,0.023862650770870325,-0.010017762001720575,0.012893700302426293,0.005691815076898132,0.0021985198611481163,0.06362626516448507,-0.0909552930021361,0.07652277942809241,-0.048248082194603935,-0.034744609233194064,-0.01322360809441882,-0.023134518214221536
"Wind speed, Minimum (m/s)",0.11546381980587027,-0.07363011044182832,0.04124752420329847,0.06270631285728595,0.050090236812211864,-0.10259132888883787,0.009168801665587114,0.011892652533066808,0.008004544107132854,-0.009524038894128208,-0.0031090879567202117,-0.051490633021208126,-0.0505043353344409,0.06236985216545901,0.00261951523568852,0.005567851497782002,-0.024606135402940627,0.004453137557881974,-0.020088612786046456,-0.008826971321466589,0.022882746765393147,-0.0080985421196589,-0.005042638680854044,-0.017914200511479392,0.027577891589598807,-0.02596820752636079,0.023678501709692816,0.02719449863813461,0.0267749198096712,0.015103327433206318
"Wind speed, Maximum (m/s)",0.13470776043677532,0.009738903426611434,0.04057705738488607,-0.01894961284610397,-0.021502075004583676,0.02430177884836443,-0.012897294957146851,-0.004314625431744475,0.0064868886652414,-0.015259161055150433,-0.0017289761278799533,-0.014591175899640874,-0.032216185392403895,0.002165375025581062,-0.01588727468122901,-0.01790750740527114,-0.006460926764315145,-0.006106909452980317,0.00014889675441551176,-0.0101861780122975,0.027917620024491357,-0.0011370041448165863,-0.0025633492331345493,0.026104407089731593,-0.04214828604402028,0.0325551246419865,-0.019197060180731758,-0.005897831345861746,0.007776950489420759,-0.0007896494535951761
Long Term Wind (m/s),0.02552785461611782,-0.14303952625883187,-0.11794299305430928,-0.004130137282849777,0.0028612822448595143,0.08952089448457023,0.022074341277688127,0.08792221121505252,-0.007910014202869922,-0.05694857968670419,-0.0005686168201551114,0.1200156686676978,0.009881207606083353,-0.005533543923985085,-0.1126847770150664,-0.05098245404389634,0.013330078569742082,-0.05304029071134537,-0.09384585716632633,0.06376134523169034,0.014300246094940197,0.006877062329380974,0.008277082246468014,-0.017772872669292325,-0.004569602232046235,-0.0607919068720292,0.0880054238407727,0.05843640486314759,-0.22366884622903965,0.33862533682646995
Wind speed Sensor 1 (m/s),0.13573345848488547,-0.014578036713155607,0.049064903547320016,0.01582706600683992,0.01262153052219539,-0.032275819204801715,-0.0077842443025217395,-0.006056079001214255,0.00621972860215486,-0.0112117512468679,-0.002000231745627794,-0.029606335320003938,-0.04749293995885798,0.028103086181157658,-0.00713430848251876,-0.014492974229698585,-0.017588055656272264,-0.004532071489039346,-0.018411234834792886,-0.009108204732152132,0.027133106495754566,-0.0026179275468526074,-0.002233343735944932,0.009080106219449505,-0.019710776034972996,0.016569867136672516,-0.0024859774334426536,0.0035780519128522023,0.021989339603307685,0.007758103829553302
"Wind speed Sensor 1, Standard deviation (m/s)",0.07942776850575677,0.1084594913212791,0.017901644147398366,-0.1142884644443517,-0.10105874648651167,0.18053467377963112,-0.03383408827085867,-0.022232479668975513,0.0032532401900858265,-0.015501530271597869,-0.0015757089602633327,0.036324220733584614,-0.0037525167206211574,-0.06779260884561336,-0.02874421622486654,-0.03899160605297676,0.009091514241009,-0.013466300136597095,0.016631578021533477,-0.012114720939342793,0.01365793488369163,0.006375801656962249,-2.394431314029638e-05,0.06678231307311569,-0.09508451572199429,0.0727424149280079,-0.05776436095414183,-0.03669538467051143,-0.012305219570600198,-0.02064482921212958
"Wind speed Sensor 1, Minimum (m/s)",0.11868537203653948,-0.06126298919361111,0.0485157635804932,0.0612879118479272,0.051765853874361334,-0.1099192760033546,0.006955846761272016,0.003968314475826308,0.006949624569110725,-0.006140865095842787,-0.0016825862666092518,-0.051489952819185114,-0.04646299029289008,0.06259037823295813,0.00483784308349379,0.0021130049331718366,-0.02281450174396188,0.0007608863303563652,-0.022076354419856035,-0.005421000093126467,0.02861376975280939,-0.009825041300457419,-0.003915225835767435,-0.02283727659350282,0.026406992913760113,-0.016818654913953433,0.030371814967889835,0.0277464975384892,0.03775429138438718,0.019245204465310334
"Wind speed Sensor 1, Maximum (m/s)",0.13436303501688973,0.01884328629089228,0.045827573912753154,-0.021926540786148585,-0.022204921319275317,0.02497783092948319,-0.015172634017122238,-0.011045784355556698,0.005606389740954912,-0.01324321329381048,-0.001704783303882386,-0.01178441301865011,-0.032778935606979975,0.0024582945111656235,-0.010922764808991244,-0.018941809686113642,-0.00931317425966778,-0.005748751442044356,-0.006443358703576249,-0.00850809041703246,0.03187903835430514,-0.0023640442333459945,-0.0030196694692864994,0.02328127403750968,-0.0436648705195232,0.03478324487816175,-0.01867726183604698,-0.007438849456861528,0.016347881828947846,0.002954427920476702
Wind speed Sensor 2 (m/s),0.13558862934365296,-0.02581376508146394,0.04313126179677499,0.01838684608738614,0.012696040448736234,-0.030612856983860126,-0.005813073980967101,0.0009087385157314394,0.007007630274986687,-0.013890542617345125,-0.0025429927899002086,-0.029281906163540705,-0.050073133798209324,0.02659381035331028,-0.011586121892808957,-0.011884328036682462,-0.016311357433102747,-0.004057077261155291,-0.015055989669536363,-0.010156221936441084,0.02184326739873721,-0.0011188513174258397,-0.0014911540579344955,0.012622515064240003,-0.01819043593212466,0.0106059261108081,-0.0037853917414212915,0.0035538185770497693,0.011755414220989746,0.0028388883367727828
"Wind speed Sensor 2, Standard deviation (m/s)",0.08267687496550867,0.10401750080027374,0.01812924256328246,-0.10715345016019967,-0.0974105210567729,0.16672890881018942,-0.03293506775019994,-0.021684121210588297,0.0024926167295069024,-0.015626175587838742,-0.0005075049802447107,0.0338632664376379,0.0024439010566108255,-0.06731954987612579,-0.030979184039291514,-0.041202842709352844,0.014633660650658159,-0.013949652830566145,0.02001833917169732,-0.006761302155342749,0.013552462907905682,0.005472469995065753,0.0022891114180915648,0.06636057668836673,-0.09459413129232316,0.07867058154534942,-0.05119088149487443,-0.040366225965052675,-0.014287783215353345,-0.021386337399689558
"Wind speed Sensor 2, Minimum (m/s)",0.11551863650417375,-0.07295431747767567,0.04166929072401757,0.06226207025445886,0.05144985520798527,-0.10262293235423396,0.008178853757073501,0.011125090725219625,0.008433592443239206,-0.009039109037206255,-0.0029858976658061268,-0.05195092583518754,-0.050356659797109585,0.06246053480800362,0.000449116766952945,0.0047729197910491294,-0.023712180187622556,0.0007652301752365115,-0.018653735563463836,-0.009280758393680547,0.02265848923373537,-0.006890982022802517,-0.0036700968163343086,-0.02208361997966557,0.03135992729760702,-0.026392765363665277,0.024613898067430376,0.03304088090791977,0.027270391952950168,0.01569529353362683
"Wind speed Sensor 2, Maximum (m/s)",0.13467437322309772,0.009738498407583526,0.0412272556303204,-0.019067510050555913,-0.021713299855829506,0.025175565226064255,-0.013517846800131905,-0.005707484164512784,0.0061405684581434805,-0.015865948952974163,-0.0016543512001166716,-0.012113394824290441,-0.03354571727161268,0.001763939292593067,-0.015855660519985593,-0.018164504485181976,-0.0064430870055794676,-0.006634828189449545,-0.0021303585169858974,-0.008761288325414673,0.027569571486853184,-0.0007782705831977897,-0.0014762015125708242,0.027385108885696237,-0.04106029367532686,0.030971625078404723,-0.019637960812364966,-0.007547272727549447,0.00842247455935409,-0.0006484856965042612
Density adjusted wind speed (m/s),0.13575949146372604,-0.03010691602582357,0.03899969142757813,0.019248202336522746,0.011803831075284784,-0.029779595849780075,-0.005522240408573464,0.002911522283949891,0.0067634004045917795,-0.01628011825776554,-0.003102445644500483,-0.028383664834669864,-0.05017671032771143,0.027376638411761328,-0.01243358343766518,-0.012504635504322459,-0.016798701347636225,-0.0030293154982121984,-0.01523906516792213,-0.012026915168075532,0.020112898967191956,-0.002960328453353065,-0.0016468755966100174,0.014174669198143336,-0.01918968006724403,0.009863836589318192,-0.004934008821078008,0.003318920350665139,0.008904562349507428,0.0024483167078863527
Wind direction (°),0.015447665969577896,-0.030850940104791343,0.04995108930915182,0.08612774710188739,0.29379560444960223,0.20063137795432445,-0.013330035121839182,-0.006456361779009823,0.004762583223380468,-0.01035706614374643,0.014432192207706605,0.06572686706189595,0.058609242769651015,-0.008873258161096076,0.019261015087912836,0.001265601635799779,-0.0007612935691784228,0.0009124798872912204,0.03255891175758141,0.007601633580296724,0.011995502361096338,0.0008465736524220122,-0.001225462979242713,-0.008707251892620074,-0.006153865841884515,0.010408597688644883,-0.0032894376618962454,-0.01946235947528542,0.009150259002208061,-0.007430076281493489
Nacelle position (°),0.014873176002915777,-0.031728057412434285,0.047798015020953,0.0881894339691121,0.2956617028017265,0.20152590912136087,-0.013437414623483936,-0.006965281828365644,0.003857267104571023,-0.0072802755184644685,0.012696941245904174,0.07363481548956768,0.014692020760703847,-0.028569672479493408,0.01836954739809188,0.00827723955190024,-0.007645299526968546,0.0009759337084831524,0.03187983292574802,0.006950711663603365,0.007523113221916483,0.0010071919079211698,-0.0008870016928777518,-0.009802532833928554,-0.003937127050153796,0.01297069195730339,-0.0034529484905622375,-0.02324742065155938,0.010193018739765025,-0.00904945250385994
"Wind direction, Standard deviation (°)",-0.010233033182328787,0.13712387776380214,-0.020037731732390103,-0.10550981178449768,-0.09366477453765738,0.15448576020611424,-0.039684176609783614,-0.04119584497325879,-0.034861849108779264,-0.040478923120386756,0.0077600311976497305,0.10218301927245235,0.1239779933111826,-0.027989146426175504,0.018080438727386447,0.024275564093766383,-0.057255809164788035,0.013504913002898057,-0.09458154912580753,-0.035014705273946276,0.06707937165714198,-0.017405209277833057,-0.008789719713758184,-0.004288403205211136,-0.006975219638822749,0.06003459906666661,-0.13869308464579724,-0.13433107896778934,0.000921369409586606,0.12193980699683159
"Wind direction, Minimum (°)",0.017934328635092735,-0.0347992458960828,0.05410354990609377,0.09180072993044766,0.2666616150989503,0.14789458853310639,-0.009512052121541407,-0.01002914745743122,0.004253610996705376,0.0017304431766591577,0.015725499348494792,0.04149592764577781,0.02221620975948748,-0.015180611379434161,0.009461560807795977,-0.010872200128125564,0.009941201512677349,-0.004281985935068948,0.05923444970534647,0.012310248971273918,-0.0009531942766110857,0.0035597327248123355,0.0040401194259765535,-0.01050564978650076,-0.00985168292243671,-0.006884268213011663,0.011651755857899931,-0.02868811822903597,-0.02856090349308263,-0.001052637690452933
"Wind direction, Maximum (°)",0.014165973317687562,-0.018849053734250165,0.04695656951750249,0.07721844790396178,0.2845010671598442,0.21181046382246446,-0.017713204175779835,-0.007786667665628924,0.0027584981070598452,-0.011058084912143634,0.013615717413602901,0.0661512205631073,0.06347291343144063,-0.008025395503383104,0.022986402055191812,0.0012052954858444431,-0.005283952960046856,0.003238756210407562,0.014687331321142347,-0.002340186633274677,0.014209299893326949,-0.0010529134447815197,-0.0020120374101723695,-0.00669192905750416,-0.005330932491882124,0.011322891112033523,-0.019457919344907086,-0.01950784215410875,0.016654901430573854,0.008090897270431795
"Nacelle position, Standard deviation (°)",0.007006344980691446,0.05381068479626324,0.021747018276910998,-0.030659151375691644,-0.0036700464303762274,0.0790489528478996,-0.015541247469482168,-0.005876864499882978,0.023327339178573818,-0.01813569502175187,0.007162379744916958,-0.06146422636852561,-0.008839016220583334,0.08230098790545554,-0.038026698041714574,-0.04541500426323161,-0.09167862711381539,0.011363563876388767,-0.236300844380831,-0.22952526305641846,0.3252861898043691,-0.14649146733692145,-0.0703894847037776,-0.14530121902974527,0.7144939547508249,0.16514782579549347,-0.2622560457457681,-0.17425294387570736,-0.125715208470857,-0.08573099455774214
"Nacelle position, Minimum (°)",0.01464794794786074,-0.03431404598303987,0.04679553937445372,0.08961720587035928,0.2942260655912237,0.19402609343802285,-0.013541356890345396,-0.007085219277268219,0.001400214748616296,-0.00599736086803887,0.012121470610076457,0.0756237710483878,0.01710969780073715,-0.033028661837682105,0.020225572730308117,0.009018049896036483,-0.0006386260882994821,-0.0010088880729030442,0.0484295349547368,0.022244233845106876,-0.013816034857883214,0.010527765482952318,0.004001922654575916,-0.0010252147375166207,-0.050105105975966506,0.0026946354205822226,0.015094879475058609,-0.01265267793700997,0.01648237848595141,-0.002770299206524718
"Nacelle position, Maximum (°)",0.01506652548313795,-0.029196184207133918,0.048629406179403006,0.08627331536605509,0.2944092792539434,0.20467485801294655,-0.01422782834462392,-0.006948754956562092,0.00482162270112458,-0.008125607297278174,0.013102419847382918,0.06940630370584899,0.016830236007497584,-0.023489783484172216,0.016441073951681817,0.005229650668009039,-0.010967059640083321,0.0006394990890940082,0.019628332588628894,-0.0038421095049516046,0.023705451574971337,-0.006022227496728306,-0.004280269896334246,-0.01615549400199963,0.030957340245088782,0.020003696810701882,-0.015960311478698253,-0.0307756245149192,0.004496327435537684,-0.012432227106675041
Vane position 1+2 (°),0.004459182599625983,0.010522035510318512,0.019272685645900352,-0.015418836689543755,-0.021821352579147565,0.001845975863380506,0.00031154987952464793,0.01494740244406021,0.02319230674353266,-0.02299495505009188,0.022436653853127875,-0.09639593519535816,0.6151223598362758,0.2603131162762585,0.01879767373388036,-0.10805969127102698,0.10882198536599508,-0.008671318074595286,0.008072669515381936,0.015039322786485121,0.04736383219867801,0.0014996718035968325,-0.0014473441545805078,0.009370624422082008,-0.029138258672112644,-0.019374580876421688,0.014675808880245125,0.038366831253220435,0.005992148029410799,-0.018169485673688958
Power (kW),0.1384092451922776,-0.0031248821714538483,-0.0031566661173769587,0.03007731170865621,0.00785857509713708,-0.0296816599704916,-0.012191668815060721,-0.013486443073810658,0.007727875989340387,-0.025980340542984384,-0.0012389471066817648,0.00720698863037339,0.0005001249019049026,0.03444337733574239,-0.016218514146945695,-0.009529219901268843,-0.01029721802646233,-0.002569961429290002,-0.006676266185982771,-0.013608271983495589,0.00563036116594115,-0.0018947679139145676,-0.0013979320867420035,0.02574775805075584,-0.010171536498167467,0.016057616648224193,0.008224352140324631,-0.00017151116990135606,0.002601320171242205,-0.00020359425349674408
Potential power default PC (kW),0.1366636472785791,0.0013179506021511222,0.0013399698076242122,0.03930127918522424,0.02051582371381221,-0.04562516585751462,-0.008463735153513206,-0.012085353639994263,0.006119720066544764,-0.01751499907226104,-0.0010191486014853868,0.0005875714325923875,-0.03904183517230325,0.036235893328053714,-0.015764799527164863,-0.010770247782766779,-0.017824424524604685,-0.002666667103421519,-0.01696811971757095,-0.01739789363755996,0.013758716039055874,-0.005033792022887319,-0.0028612862581009653,0.02145148413760608,-0.007529139037196625,0.01718736628322115,0.010297139937844403,0.002491028056551222,0.008214462196549532,0.0001316978200563701
"Power, Standard deviation (kW)",0.10955840489242122,0.08857244304132435,0.01664418515465837,-0.06751614265892852,-0.04876365534958406,0.1366030006430049,-0.0238440965010654,-0.014531151456031451,0.031981552322399694,0.009644510350692491,-0.002721840968225697,-0.04071984398002462,-0.035170882116248026,-0.02371708853889104,-0.06076048262556566,-0.108577816596104,0.0566050685348177,-0.030370517779590975,0.003410372544044693,-0.03464303509321445,0.011255483481773104,-0.004007520497343729,-0.0038635013479794006,0.04345296986322,0.011710352270083085,0.036691427331360715,0.08509992208819979,0.1143527567392074,0.03228560781354476,-0.027573817166067126
"Power, Minimum (kW)",0.12637961647625398,-0.05103854551456134,-0.008041599735929087,0.06804709614939801,0.03097323248322261,-0.09875729526830399,-0.004019273943820169,-0.009938422796716345,-0.0010773562839918338,-0.03064023271113272,-0.0001504937173693044,0.02543160112650808,0.016794712299377623,0.059496905658990656,0.01039188598028612,0.04936459380152358,-0.040409659091489525,0.01490845629132026,-0.007538219592195972,-0.0058662486899772465,0.009463852660202277,-0.0024803892560525086,0.0006489541428708317,0.009753339184022686,-0.01986122024638537,-0.0036675734471388055,-0.03348869642501729,-0.04692507814229226,-0.010787549119150974,0.013223002854135392
"Power, Maximum (kW)",0.1371704141951022,0.02313677680606395,0.008582116914042232,-0.007036840676470064,-0.01699930128768594,0.030264045556429055,-0.017157165239094833,-0.020254068071013775,0.02029667730302747,-0.006323857433859495,-3.716400736595085e-05,-0.0045768954314522325,-0.010221823747162455,0.01671881034787724,-0.027678361624325215,-0.03183220719416607,0.010771821545450144,-0.006438849709646616,-0.0004020466088871383,-0.021066812715328592,0.019627324514025574,-0.00344090887884288,-0.0026393025218814023,0.030164554113182085,-0.014816584478029679,0.022735294416728863,0.019575099609599717,0.04074870541856676,0.009227897666790066,-0.007647606403967347
Potential power learned PC (kW),0.13682858502485942,-0.00576360259742375,0.001252382225522291,0.037605486273717806,0.01821749251860355,-0.0413476893496404,-0.012158654530421587,-0.014683747252740803,0.007508969948134563,-0.025494045141334715,-0.0020188592374635393,-0.00030654843591919334,-0.039957221115944,0.0380946964129877,-0.017914548491964055,-0.012683076642688917,-0.019969294982477404,-0.00201133421032898,-0.017660370434884692,-0.02027257678585899,0.015233217699258478,-0.005100532052904363,-0.002421718592295825,0.020393699414344046,-0.010069540467240526,0.014802823883948747,0.011442341681903515,0.004299176504153263,-0.0012639463612414692,0.004968040639377766
Potential power reference turbines (kW),0.12298495662840664,0.022963210576646808,-0.016964452977255386,-0.02853055523605824,-0.08032180949158643,-0.014306492040090537,-0.005931339986191881,-0.034593248654291114,-0.0009289258931308116,-0.02304222947594796,0.006399840950456234,0.09637255794740379,0.04611937827181405,-0.07727927521304968,-0.00942427236094371,0.02826826402546151,0.011120923905153846,0.0020615031182335264,0.13463419447178643,0.04998063479970033,0.03208775804685064,-0.005350174880993465,0.0037276213082371515,-0.04366064135116443,0.04484887070876173,-0.003661892450331772,0.03643221480327902,-0.010398662484475518,-0.05893431102200988,0.016679027812692534
Cascading potential power (kW),0.13682858502485937,-0.005763602597423753,0.0012523822255222834,0.03760548627371782,0.018217492518603544,-0.041347689349640435,-0.01215865453042158,-0.014683747252740815,0.007508969948134515,-0.025494045141334718,-0.0020188592374636074,-0.0003065484359190985,-0.039957221115944026,0.038094696412987725,-0.017914548491964027,-0.012683076642688973,-0.019969294982477404,-0.0020113342103288967,-0.01766037043488464,-0.020272576785858865,0.015233217699258464,-0.005100532052904561,-0.0024217185922958684,0.020393699414344407,-0.010069540467240248,0.014802823883948879,0.011442341681903816,0.004299176504153082,-0.0012639463612412472,0.004968040639377863
Cascading potential power for performance (kW),0.13682858502485937,-0.0057636025974237585,0.001252382225522283,0.03760548627371783,0.018217492518603547,-0.0413476893496405,-0.012158654530421559,-0.014683747252740747,0.007508969948134586,-0.0254940451413347,-0.002018859237463544,-0.00030654843591918174,-0.03995722111594399,0.03809469641298784,-0.01791454849196404,-0.012683076642688945,-0.0199692949824775,-0.002011334210328619,-0.017660370434884914,-0.020272576785859003,0.015233217699258422,-0.005100532052904519,-0.002421718592295884,0.020393699414344213,-0.010069540467240373,0.014802823883948296,0.011442341681903612,0.004299176504153485,-0.0012639463612413027,0.004968040639378283
Potential power primary reference turbines (kW),0.13135145732288547,0.01640066440556025,-0.015342885050190398,-0.013149875307131288,-0.028948673129198563,-0.008310854847656403,-0.015033240418849137,-0.036331183655285,0.0076292833870470825,-0.027592044664657294,0.007057427500155904,0.0872466654697566,0.034769408426694216,-0.022140308197063717,-0.023339641334781818,0.04299635773970133,-0.0036131588757982933,0.015331591035901482,0.07060310635973527,-0.006418858360062618,0.06357063811854517,-0.017280851241243123,-0.012626423720495383,-0.0310674208156122,0.0509312361714875,-0.000974127877239217,0.0893732616804042,0.06995985818031436,0.027884201598470104,0.009954401220823111
Potential power secondary reference turbines (kW),0.10547736752255327,0.02537682361428013,-0.01662695106793576,-0.03605281125486471,-0.10642636491109077,-0.016382488015493135,0.0009661338329528934,-0.030485052219703143,-0.0064326007107898325,-0.018341906629549053,0.005835097269043474,0.0927711640353455,0.04857486695871343,-0.10651098828093405,3.247465795480628e-05,0.014795975913810877,0.019889203603481467,-0.006688460090024731,0.1641821610840222,0.08353332649792074,0.009001296061330412,0.002761831638590166,0.013980425023653889,-0.047190153528725146,0.03649200136966676,-0.004384221705967306,-0.0020965992428449015,-0.06326527495815483,-0.11346890801891711,0.01867365822184074
Turbine Power setpoint (kW),0.1314753563053858,0.013462968442044757,-0.015526772609092318,-0.007980907805964409,-0.021372688172660317,-0.00028799891973370605,-0.012463307444083825,-0.0456060014254873,0.030920271194366092,-0.02074026199243128,0.008498821429623993,0.0808704585194821,0.022019214773684386,0.012578887659572834,-0.023382463901827005,0.0758343610033741,-0.023784653445620516,0.024596124798469655,0.06203038700768816,-0.027149020506263742,0.08754700383187058,-0.019759911539783265,-0.015980609067744546,-0.021320736790179776,0.036781598493776116,-0.0034360308023957203,0.10013069699669741,0.10371044788003791,0.05138957124641604,0.0005898027897737416
Potential power MPC (kW),0.1366636472785791,0.0013179506021511272,0.0013399698076242157,0.03930127918522422,0.020515823713812182,-0.045625165857514575,-0.008463735153513164,-0.012085353639994207,0.006119720066544741,-0.017514999072261096,-0.0010191486014853345,0.0005875714325924172,-0.039041835172303224,0.03623589332805357,-0.01576479952716491,-0.01077024778276667,-0.01782442452460473,-0.00266666710342172,-0.016968119717570836,-0.01739789363756,0.013758716039056339,-0.005033792022887326,-0.002861286258100882,0.021451484137605586,-0.007529139037196615,0.01718736628322101,0.010297139937843723,0.0024910280565518493,0.008214462196550299,0.00013169782005595983
Available Capacity for Production (kW),-0.0005110503893701902,-0.0001765430275632372,-0.0007862420188399175,0.0006684725455126081,0.004384474959972643,0.00213552152160609,0.001411797450184257,0.0035669507997518595,-0.0014490721088744856,-6.826673066186219e-05,-0.003686124179503366,0.007020030278169958,0.0031956578881467846,-0.0050973201679859175,0.004486206662268685,0.00964146251298131,0.007828441588494347,0.007318542515982707,-0.016851055641873038,0.03802018926739169,-0.016779921288298225,-0.6746287262619821,0.7333071972383748,0.025597733973027018,-0.03436423601860628,-0.03214145802108748,-0.020129733779124272,0.030285642659429873,0.017998732872435377,-0.0022169573448326714
Power factor (cosphi),-0.07075608297764613,0.10987764223116538,-0.10616160187638565,-0.030924953484391716,-0.04207357116697445,0.054743526508045134,-0.016581468307203247,-0.052884548681242566,0.03924703448367269,-0.05944615635548135,0.011100010039176104,0.20610447619369615,0.0634053309045834,0.004075980516714231,0.04554460379061923,0.2608541086083039,-0.13005281095958898,0.07591609627043361,0.012943721524078943,-0.06345622747578533,0.04895205521720194,-0.018333296167430284,-0.021008770818892335,-0.04064180767818646,0.08310183242812977,-0.09184046099851409,0.1622146938365354,0.15819897630324553,0.09587780589786979,-0.01013959119692424
"Power factor (cosphi), Max",-0.05294152810323723,0.12833612612918374,-0.0840767869190798,-0.03737746715261615,-0.02975684954199339,0.09647681251444278,-0.02768977788806521,-0.029435572729067785,0.003142095433266391,-0.08683933122391052,0.006092353492919648,0.1292075719002716,0.028205276141695927,0.08295454825594131,0.0586823979882968,0.25741700260189165,-0.21027078411097747,0.07079885975572998,-0.2048362138665165,-0.11851983177551265,0.03071724646098821,0.015311443653379789,-0.00830150943674116,0.06072884933790634,-0.12478380662992555,-0.15615171987115817,-0.08044666887921195,0.16288541326729877,-0.05862634681671647,-0.02255830484635686
"Power factor (cosphi), Min",-0.06826789934799671,0.021229091450070563,-0.09121412312118715,0.016296631260070485,-0.01775099497946074,-0.053808684759355824,0.008837592533766023,-0.05235049087562692,0.060484073062652514,0.006776898514184577,0.01740002734851067,0.21264140224332778,0.0696034978754244,-0.081653474384401,0.01065760569328971,0.18454125356731743,0.003715857927652312,0.06053749179810032,0.2697387686225509,0.016627247724385393,0.07281058757501332,-0.04614118491380835,-0.026857912149334657,-0.15382934887183003,0.28069768759345837,-0.01665095747860834,0.3906950771286817,0.14237186176553387,0.22343828379967734,0.005755040759172367
"Power factor (cosphi), Standard deviation",-0.04492824779630245,0.131390477451875,-0.07447186116386083,-0.04122427122132735,-0.02780183408449649,0.10927532168646543,-0.0307026351079344,-0.02320468306951418,-0.0020641818747103306,-0.09292929572870672,0.003320632690745521,0.1043863338662312,0.02044714700482774,0.10178830720575645,0.05874103546785503,0.2483147288851048,-0.22262409954337412,0.06490693700376736,-0.25038157584649035,-0.13044165626596796,0.021268090524526807,0.019812832496172102,-0.006228599437875047,0.08323846003321614,-0.15867206077028762,-0.1631506769279159,-0.12326286247755669,0.1567243536165526,-0.08636906438605246,-0.026534583018247508
Reactive power (kvar),-0.13440520960363286,-0.011949872913152807,0.012779277084978252,0.007574270749242504,0.024709219154462857,0.007914647629338136,0.014138728200110825,0.03383622347358296,-0.015080185768035366,0.02960914307468099,-0.0057846643230454456,-0.07688072994057778,-0.028405398944592028,0.005709952730373183,0.019652802692195027,-0.04627465364107423,0.012253709822604066,-0.01709837236649955,-0.05876016096186268,0.013689259319497517,-0.059816130548145253,0.015644283284719132,0.012115045492945967,0.022245561411653184,-0.04305958976229491,0.003503305740439556,-0.08444714697650242,-0.0717140756083183,-0.03432728849407037,-0.007361423810816316
"Reactive power, Max (kvar)",-0.13198970864287998,0.006447873842649923,0.018113422714425276,-0.006293963440270047,0.020240102813927727,0.03765627761779045,0.01291991097114711,0.0310434619587707,-0.008714298792392597,0.032215856648169276,-0.006991050971543978,-0.08959196608622612,-0.037809489007119904,0.004349444796969749,0.008079253081910735,-0.07151206260745796,0.02034286375194163,-0.022927271137241974,-0.07016048334581593,-0.0024093806930382475,-0.04725092825472429,0.011058812919276424,0.011618947573060468,0.02543206958494451,-0.02694822766858959,0.010036217912023838,-0.062168664546362835,-0.035174088136499096,-0.013037516469596569,0.004792256348646912
"Reactive power, Min (kvar)",-0.13323529597769562,-0.027123907699014255,0.007155888200900439,0.02017119545733724,0.02891897647746408,-0.020544811318842796,0.01497918025958815,0.0362867222401539,-0.020551132993892766,0.02469731941619054,-0.005357548227628406,-0.06268232689255415,-0.019804916760264604,0.0065269491021582955,0.027953826733684264,-0.023663496796769257,0.006086206266454113,-0.011273071351494867,-0.047851195650908326,0.027102134469691366,-0.07047714895503057,0.020056290085152764,0.013127218074765877,0.019705727520745415,-0.05437314407489583,-0.0006215586771528055,-0.09929541724282102,-0.1027733311579351,-0.051229926620055634,-0.018631802669053267
"Reactive power, Standard deviation (kvar)",0.08924340611022938,0.08328627654585137,0.01882409047488503,-0.06633117703726754,-0.03475652641379776,0.13156781829312775,-0.016759224129736457,-0.030735455148178957,0.04097486357062358,-0.0029384854739588568,-0.00039806020451120365,-0.017241806682396485,-0.027287947179795626,-0.0010054520906990832,-0.059993825351919466,-0.07877176466196129,0.022334191546573477,-0.016209004738281158,-0.014795025438836889,-0.08675152731480089,0.09869298971138,-0.03606837158409622,-0.015633224578788303,-0.005847513553269728,0.10646146812243347,0.01842359708581917,0.16165269339610736,0.22476158013026332,0.12345978971202579,0.06214053313276235
Front bearing temperature (°C),0.09603630667558222,-0.06209657555249984,0.13960463579095747,-0.04196087075116412,-0.010541309333982615,-0.011648353551729211,0.0017375612177169776,0.08712235513406436,-0.01511347280025386,-0.1109626617686482,-0.03159675928620852,-0.04514216545866496,0.07815264541509143,-0.17647537887015738,0.11104637874294694,0.03101431676906458,-0.030876919315393346,-0.00024087779215111078,-0.06580043987656095,0.018820247325380964,-0.06402598143304485,0.012282510383128002,0.00485835041381802,-0.03141021774998713,0.04014695686872652,-0.07772465101117791,0.00909419954573959,0.011791130806982748,-0.025424320430786077,0.006194772976694865
Rear bearing temperature (°C),0.06893610022584085,-0.047280528463415225,0.17682256970286808,-0.06335625327010996,-0.008840632002584269,-0.021451333209494373,0.011549404586014951,0.13499866059010018,0.008083753608279376,-0.13373434632179,-0.03624143046510951,-0.0583791831321617,0.08059712928897145,-0.18254988463146923,0.1162519285171529,0.061322204899456105,-0.049393221064653395,0.004715735349062176,-0.08139483461321292,0.006683642389463859,-0.0901260368085188,0.007719913864980265,0.003937607355984301,-0.020737031934441076,0.061082875250053015,-0.06006653933579981,0.057881312591294774,-0.015431463883340522,-0.02205265287919837,0.004592839959551932
Stator temperature 1 (°C),0.06365764295573376,0.08615285066005995,0.024302446110021737,0.01070966499219962,0.04479089274513058,-0.0970484120213347,0.015920363629327475,0.1016103333647971,-0.019904265203838048,-0.0953711781871514,-0.00991239191839468,0.2475493611845033,-0.021872617777673225,0.005507088158474061,-0.09706366570702049,-0.20108272796536963,0.11715127506549884,-0.06815749472670742,0.03445998414276668,0.020542070042564142,-0.09291363831172451,0.012146186331933082,0.005855528485893862,-0.05134932921744552,0.12265842727911004,-0.19037214340333303,-0.10206869634945344,0.14091384436000853,-0.18365521313376265,-0.03776702104928934
Nacelle ambient temperature (°C),-0.02007777906396067,0.18291465033983956,0.14134248370904995,-0.016761903309699355,0.05158550642691686,-0.07161424662998693,-0.01775215703162185,-0.11289534424121939,-0.0016462155628522933,0.06979609292457048,0.017194474977066113,-0.046246614224165976,-0.009175090010930245,0.009905473349117165,0.0739629155092627,0.019925100707825834,-0.04132642488395419,-0.0061920798795972246,-0.06240053793043205,0.05235964590311488,0.0753610291036478,-0.004332003878129457,-0.005000673997316842,-0.046357925102417326,-0.05537317732716716,0.07666232643004695,0.046671407939464615,-0.016153696371283076,0.1107198919300532,0.03632672517272813
Nacelle temperature (°C),-0.07049156489768059,0.1267467376991848,0.1548242508432461,-0.044482852670979706,0.051998306564304965,-0.06328686344889814,0.004219697517966469,0.008915087617418072,0.005179016749973799,0.01082480989526502,0.0125604421923364,-0.03641544377918363,0.03633269383932887,-0.04228009001966571,-0.111815886673587,0.03706931937032485,-0.10408610873842082,-0.003027429855120169,-0.06348642074378551,0.03290334532416652,0.020410498176364863,-0.00598306529781622,0.0007899827338543584,-0.003991371035034684,-0.03638420192107936,0.0720165222110826,0.06342405855266149,-0.06718741433409489,0.11501509151202516,-0.006828977651641576
Transformer temperature (°C),0.10586803057297399,0.0923036879388189,0.020740284695343333,0.04110145243931137,0.03578270271781753,-0.027685406039728667,-0.028117310109657574,-0.13098239158727115,-0.027896430911789383,0.047211517750485356,-0.0050679682281650415,0.013649736983975614,0.016390724102657156,-0.08578744689590785,0.06756672914562839,-0.07151827986675381,0.03176532667848367,-0.029902900915219896,-0.012429059267277637,0.10084744185216124,0.010337167969264476,0.016504479777686487,0.002451607178216953,-0.1286139667631471,0.006975037235405268,-0.13868730801865803,-0.0847983771874516,0.09964208470061509,-0.021248289770884603,-0.02717344909603708
Generator bearing rear temperature (°C),-0.026474054136869367,0.1423002844226294,0.1506609402974549,-0.04187116336165633,0.04201972326535814,-0.10268708966242758,0.02309822047462432,0.07082577519367218,0.003141977791514663,-0.031688504720697355,-0.0006705730417683924,0.20261001634672773,-0.04653049636152302,0.06277487081199239,-0.011809814761981199,-0.13015747270122527,0.07353924519614584,-0.025316238714488917,0.0003670220980940631,0.03337987732536173,0.020747820055586615,0.017155693171421522,0.002191771952096794,-0.12330691044148122,0.003993026652336085,-0.17548052529888672,-0.12747323020091433,0.09794778504813165,-0.022750208780334603,0.03662795695331213
Generator bearing front temperature (°C),-0.06403970544721344,0.029666095897497004,0.15307004391358114,-0.07371159876301969,0.02725075912489897,-0.06774811023807385,0.04225947936035409,0.19369444090974144,0.05978564409591278,-0.10231691080500084,0.0037536181901590823,0.16143417298068682,-0.02835106445631719,0.10945304008571555,-0.161135165614905,0.008193522224275137,-0.0033481149890133574,0.0064407626809088216,0.09361475984091955,-0.07009563884895015,-0.03183137292271615,-0.0038204249781294422,-0.001740337664243972,0.12454119793347165,-0.016949477495734985,0.07985143415621038,-0.026305320791997655,-0.04028054672022317,0.09217779594222487,-0.18556419385375175
Temp. top box (°C),-0.06498687251998539,0.11333271997969006,0.1569642058362427,-0.048902161808507906,0.04601538670417617,-0.07264001807354364,0.009309855124888937,0.033677923834780375,0.018912236226228424,-0.023202344802016644,0.011234596794984964,0.03229302290576255,-0.0292644879263587,0.08827857786205934,-0.03622721103532631,0.03286187869783498,-0.016390203436144637,0.0066866385108709115,-0.02699881044492207,-0.0231616600386488,0.08824777559244898,-0.022605497486128785,-0.0031975180236254903,0.039731362396304606,-0.053306937444894585,0.13897900185072967,0.193787107658819,-0.09704823216579248,-0.16449315161182593,0.32473645546651314
Hub temperature (°C),-0.028402185669820182,0.16624534092694604,0.13427264560881663,0.022060111945955498,0.05078165938166484,-0.12858326052954397,-0.013820562054964623,-0.13158087041716804,-0.004603967434045962,0.07924947783712503,0.018323452936985278,-0.05666648220079363,1.0813438734249429e-05,-0.00290492258908829,0.09627720755517005,0.053906893869917524,-0.008382080090981148,-0.011350518634444258,0.046630123095727324,0.05682504205447843,0.02212925997873298,-0.0025106777709758953,0.00035932544632807733,-0.029304761891209532,-0.018503155301384508,0.061636122774721816,0.04009361365286844,-0.02628525968824675,0.04644237093901886,-0.10476119891838695
Ambient temperature (converter) (°C),-0.01034965590431934,0.18714792947636316,0.13765071736078438,-0.02081473865134905,0.05241894359349845,-0.0562791977544649,-0.027508096160055874,-0.1284272965439346,-0.007645870631716064,0.06236985657702268,0.013341700145338604,-0.03955084782076773,-0.013856023294542706,0.000552644754875827,0.06748875869268899,-0.012566922410101324,-0.031869025498363006,-0.005506875476351342,-0.07634945341277677,0.060751348954467224,0.08170153859768442,-0.0036322809443919963,-0.003238267290243371,-0.07414898840078445,-0.05702671279119827,0.05143163998691468,0.053531032688417454,0.0023451015349119503,0.07999236031796786,0.07457033467648726
Rotor bearing temp (°C),0.0167432927418584,0.14886187088241956,0.1657155829359789,0.014047120983880125,0.05741223139588251,-0.09636864041139165,-0.03477793740102731,-0.13853307045895902,0.0015014530221485265,0.03568452745407474,-0.0017122361743425877,-0.07354115751750269,0.019261249791971097,-0.06815457336722594,0.10161857445441298,0.06804039217996558,-0.011090888173353722,-0.0019153784270340007,0.04195880985654168,0.021864677817377654,-0.012601590126558482,0.0008528247299633921,0.0010830322035335106,-0.038086839720801874,0.006160082894363638,0.010841665796424614,0.04386123036519296,0.010954005731848036,0.0012397196776417693,-0.08504717241562211
Transformer cell temperature (°C),0.003169325538065613,0.18682530306944578,0.13900213448737395,-0.010016201099205717,0.05256260899537679,-0.06524427699660758,-0.01761908135930289,-0.1300711539261642,-0.00607284765520766,0.07989499286348983,0.015008485820850613,-0.036030390645607376,-0.008395222834010407,-0.01277860125351546,0.09199603859637198,0.0022019851897906936,-0.02364638625521738,-0.014090392298927154,-0.05069260754796076,0.08917775962620236,0.07763644770490691,1.940289933882993e-05,-0.004073829639789401,-0.07169383730948195,-0.051304992022741094,0.042948874682741695,0.023199929747526753,0.01284967769459739,0.10049445782228103,0.01958864125181242
"Front bearing temperature, Max (°C)",0.0957747059155782,-0.05659612520620093,0.14644376125357358,-0.056339816785729475,-0.02073920494393643,0.01786996487114362,-0.003315339382218087,0.08039024577970545,0.0008349930040466031,-0.10738837359021002,-0.02991789171759896,-0.06108210599463215,0.055484155744033745,-0.1132934219477105,0.11081759078236847,0.04557299203083866,-0.043711129700622985,-0.0030909842384204125,-0.04627081691311883,0.03854175052432393,-0.09621885742323795,0.014959358583575302,0.008815926804555826,-0.05646818229845929,0.05456958702876176,-0.11112961014269948,0.023417944027376368,-0.022100969194044116,-0.029038949382450847,0.005478015781499021
"Front bearing temperature, Min (°C)",0.09345291353743318,-0.06740791157567506,0.12736436456799394,-0.02505800773912853,0.00033226549330647026,-0.04364160224595865,0.007010552705689166,0.09090195224235426,-0.03289268653135354,-0.11197169760810913,-0.03186579718758099,-0.02274463546410025,0.10228427276830923,-0.242997179671961,0.10511159568969723,0.016857401168973992,-0.018691079546006815,0.00501574359703726,-0.08541275454224649,-0.003486125574655165,-0.0279095711316789,0.008953594913879492,0.00031287854846154587,-0.002673416152030977,0.023689428085936468,-0.04000073417990657,-0.011053844392745475,0.04701351923673034,-0.022058835892463154,0.006813979456783498
"Front bearing temperature, Standard deviation (°C)",0.019861497731933526,0.01935211368545552,0.07665391507699648,-0.09433301644175841,-0.06030517782900991,0.17615480294022365,-0.029279506263995368,-0.014186114621892789,0.0969493038457972,-0.005498490064587056,0.0005495514787295771,-0.12337946263824268,-0.12726453155527767,0.36263400291014475,0.03465020074695165,0.09235359995505434,-0.08073614588203938,-0.027633281393548106,0.1074709035809656,0.13459874857470808,-0.2311070744207354,0.02063089662144274,0.02749488491471029,-0.17504261857501702,0.11269154778961993,-0.2429861938366979,0.11397234474356585,-0.21105226853649467,-0.028148949714359876,-0.006954853566525011
"Rear bearing temperature, Max (°C)",0.07102985872638112,-0.03869092754565403,0.18029630442989286,-0.08281526144006257,-0.024494303173760477,0.024484503435752918,0.00346927241824015,0.11984721765259802,0.02970797209131004,-0.12222957472763438,-0.033141619893397686,-0.07810040440805459,0.04812884742907655,-0.10075246696521653,0.10879760312094344,0.07025579416044293,-0.05949046354824727,-0.0006829371536357315,-0.05281063042701334,0.03125613070548931,-0.12477495860751835,0.011763733347937917,0.00909584130604983,-0.05176017365150969,0.07558755457482083,-0.10202508686229692,0.07189556829380035,-0.04829414926087197,-0.0225688487513504,0.006441010788532632
"Rear bearing temperature, Min (°C)",0.06124721772435125,-0.05584816573089654,0.16138444291055598,-0.036990940427962464,0.00901336336134456,-0.07513844506373238,0.019680067363942132,0.1435682063247198,-0.02140136170037024,-0.13969686052232905,-0.03702418354737754,-0.02575424802138651,0.1185907500033959,-0.2773629293890057,0.11458372403005246,0.04917221654476388,-0.03750475916542599,0.013362790770576283,-0.11228035980338529,-0.02295023061179482,-0.04338837532802356,0.002752750880251461,-0.0029111973684573062,0.01818957274771207,0.039034104444955996,-0.006993630637935146,0.028431158944118715,0.02334726169927562,-0.02235566493139676,0.004393120658207662
"Rear bearing temperature, Standard deviation (°C)",0.03644440186894171,0.016807983591097364,0.08983502452372333,-0.10644156827343094,-0.06639276125338862,0.1890552420374551,-0.028376800661023077,-0.003755286423465471,0.10443420557961278,-0.00662134130690481,-0.00348873566595049,-0.12638350533470025,-0.11897038525792868,0.3079035529698592,0.024187285860767068,0.0642230850338721,-0.061992766214729385,-0.03048052693145731,0.0972962780855269,0.11788064795372238,-0.21127097073244078,0.02114612645810547,0.026223692527052513,-0.15828993862702861,0.10639713168796022,-0.2293440023798019,0.11502297704394769,-0.15944634658356943,-0.010649649344647173,0.0014591417747261762
Temperature motor axis 1 (°C),0.039233688863918606,0.19386416398155826,-0.07579734171854828,0.053220508064632195,0.02501905577897106,-0.04013241461117864,-0.038875910173947155,-0.14209164368839702,-0.0747833399644489,0.016511914362513914,0.004960431539662662,0.05076772981990212,0.005535077089783331,-0.006416625328757461,0.044230057096975695,-0.10363959815718927,-0.008619577282757092,-0.05233671440469466,-0.09856405176186739,0.08449019941696562,-0.07198016071973451,0.018087232294065808,0.0134492036626075,-0.0631941777095148,-0.0012047795799171312,-0.02380154690637558,-0.03092904312328265,-0.03888068560262426,-0.006864254855108752,0.008931135582072966
Temperature motor axis 2 (°C),0.03867932734941772,0.19464493561665186,-0.0788858055934371,0.05245778384693259,0.02441167865995182,-0.040244544510349964,-0.0385429482601836,-0.1390074499555943,-0.07367208328774445,0.013490254772715348,0.005737135796247014,0.05344851645954613,0.0052841188476581745,-0.002198707964623309,0.04055462426763758,-0.10356360431323221,-0.00993522456942556,-0.05253348204691115,-0.09783689834835319,0.08135032872917299,-0.07311904880450061,0.01751038035643772,0.012847149082063216,-0.057236133876408815,-0.0008414464165101276,-0.018535009788383943,-0.027007216695251135,-0.04035234396394261,-0.0036364305111616308,0.008239776361257984
Temperature motor axis 3 (°C),0.041031514813175816,0.19306380677939627,-0.07571756419828356,0.05332241176813058,0.02599961481896935,-0.04003762107671877,-0.038364010480867315,-0.14069966236474393,-0.07453771747375557,0.01642479550103153,0.004713711473549874,0.05140676423112106,0.005735631610008958,-0.008752647268536383,0.04412058259910712,-0.10644535682438877,-0.006457911108970221,-0.054032804550123124,-0.09539664869719912,0.08588687847600715,-0.07174419070836573,0.01809973818012165,0.013135239170002025,-0.0663487291469311,0.001340043074381049,-0.030990083195071006,-0.03201268266984798,-0.032330962334300536,-0.012049620743934553,0.008892322863536613
CPU temperature (°C),-0.06592051602059532,0.07402892066543368,0.13443517099487207,-0.058741044169498706,0.04149599480045636,-0.04811425455095635,0.008547161729080916,0.0747633963695794,0.02388695880029293,-0.06612338474186512,0.005181916732241454,0.06265250929739805,-0.03629482938757239,0.11697552412175055,-0.07331821203853817,0.028003866213707814,-0.00073089801716301,0.007254408315123228,-0.038473825712825066,-0.06104130821347907,0.08722944992974348,-0.027235257501871578,-0.0010822310627417982,0.07393995138686375,-0.056320553309821324,0.1610063552639044,0.2437864695068582,-0.11745534373626981,-0.294304174840071,0.4758486042416949
"Nacelle temperature, Max (°C)",-0.07059224201264165,0.12049619511060342,0.1620623352669448,-0.05010856262083542,0.04786554880077013,-0.057563344686229,0.004159288652200473,0.015063941146054888,0.014141987406698184,0.0014160675527580438,0.011106887233863856,-0.03583857974607169,0.031177463829068486,-0.01671153406596538,-0.09324501399556825,0.05266399758939464,-0.10785820866753319,-0.003957224456806385,-0.05264265965117497,0.061628708217153334,-0.005392885563421396,-0.0036420244327842926,0.002956434961459193,-0.01126414789787522,-0.022296634221894297,0.10938596973393545,0.04511929889298694,-0.03928093255966786,0.09817000567287615,-0.001602816337269426
"Nacelle temperature, Min (°C)",-0.06938403989903086,0.13245186366217437,0.14677020787016679,-0.03902423365767732,0.05520675191698634,-0.06692425677779858,0.003819003545905081,-0.0005170966263241842,-0.002391756092451857,0.021327513564836337,0.014323019830776862,-0.034996579223724046,0.036213382077070325,-0.05733343949623203,-0.11965084600578921,0.020802624552985583,-0.09284055171321447,-0.001481746391668707,-0.06983896237589729,0.0022862820351921102,0.049381129372511046,-0.008941535728055618,-0.0018106474745283804,0.003812402788684499,-0.0523187924803849,0.03751757185274386,0.08076211224630067,-0.09523357910852041,0.12838403097144963,-0.010515966350613035
"Generator bearing front temperature, Max (°C)",-0.0641353583635541,0.024778455504176733,0.15420817087736005,-0.07557985797972576,0.022589851915646195,-0.06422523354562343,0.04147455981268643,0.19381506830514783,0.06298869807362534,-0.10799388399651355,0.0013166064811010938,0.16678155361835564,-0.03764330055270496,0.12211909856052967,-0.11469311166956064,0.008354293457376724,0.01697017283320968,0.009753883328546025,0.0941424592918529,-0.08184762476262195,-0.024308267801176616,-0.006000691447531611,-0.002964582178721894,0.1306588035262767,-0.02108959831913193,0.0903864633520999,-0.020477665588447904,-0.04184551226435624,0.09166375936267215,-0.18511190263129867
"Generator bearing front temperature, Min (°C)",-0.0641094323752289,0.034227372558699024,0.15127259994079706,-0.07159508523368384,0.03148424906973737,-0.07011812400017967,0.042682742929065265,0.1911011397375729,0.0558871053140118,-0.09454847530968356,0.006095501647397534,0.15165776924736524,-0.01883475924668891,0.0943543141036457,-0.20273397867577653,0.008823811697958848,-0.02273657298025577,0.003838762038697808,0.0916523267486619,-0.060400491697051244,-0.03596918057723134,-0.002111657875400656,-0.0008548156938868396,0.1176499995145589,-0.014255481608141801,0.06690297418806265,-0.029010238680551827,-0.041677443258388,0.09201361140137705,-0.18049742978438457
"Generator bearing rear temperature, Max (°C)",-0.028591588896389308,0.1407852763257769,0.14894465623771005,-0.042634353379621945,0.039409127469799944,-0.0999890330880583,0.02297077033738355,0.07101025425681413,0.003164525305116043,-0.035052709174099174,-0.002602274846215515,0.20743050517436026,-0.05347725532967087,0.06681591384922984,0.016806275637912,-0.13310163712441164,0.08820678665532719,-0.02402327083127397,-0.0008081246958050823,0.023827155702805497,0.026423803725352052,0.015857812642874627,0.001485487913203895,-0.1217365569270928,0.002144553047546599,-0.17908342952954004,-0.12276645073235437,0.09290415219613732,-0.023778641679914163,0.042534805106940396
"Generator bearing rear temperature, Min (°C)",-0.02448704793021146,0.1437386083997424,0.15191336372162464,-0.04081956850805898,0.04457860307959493,-0.10483189058460138,0.022964491860268735,0.06926760559672858,0.002432247362997605,-0.02697784902603316,0.0013340343447680644,0.19387163793690004,-0.038486380540949744,0.05561004782242013,-0.04024307948242044,-0.12544884841476406,0.05694742369913955,-0.02614790351235569,0.00012202161234072906,0.04302536060345457,0.01628841645178566,0.01809450838204129,0.0026555177812607102,-0.12507422758615722,0.005146861693391569,-0.17144664259473766,-0.13113185859557952,0.10201343452357235,-0.020822466390849344,0.03372366157700808
"Generator bearing front temperature, Std (°C)",-0.009465620929172776,-0.041994132870077076,0.03151039895635491,-0.029410641543121046,-0.049887838944614224,0.018993913300613174,0.0047139143325115864,0.03465235929292461,0.04125163168814421,-0.07549901953778852,-0.023394376419367674,0.11955667608456072,-0.10887287124276265,0.17673326483232218,0.5311957681248978,-0.030101795660971705,0.23494229097770689,0.025905272769698402,-0.008129725558668227,-0.11093416388404703,0.059862395057438296,-0.021690418010872126,-0.01209835690430456,0.09900596987344769,-0.042007011191382684,0.2139962903929794,0.0624838851518805,-0.017425953441182647,0.08553915790802374,-0.089676268925868
"Generator bearing rear temperature, Std (°C)",-0.03461446317554339,-0.006290266791586588,-0.005220171204213578,-0.018298961498004376,-0.041660719645925784,0.01829430546175115,-0.0021469127699636765,0.013109995403814953,0.0076617282964929305,-0.0972388658327581,-0.03643276003611459,0.14457275445584303,-0.13065113240900986,0.11538316628717663,0.5100755229849561,-0.09988007049853338,0.27575394468593994,0.008738330432092337,-0.024316829554063668,-0.16096867982645444,0.10175269994214013,-0.019297177721126914,-0.009654151057661584,0.03749380801830477,-0.03682678088496175,-0.03921390665289166,0.07611233234231476,-0.08469732169806644,0.013163213060199018,0.034461236704828056
"Nacelle temperature, Standard deviation (°C)",-0.006969961189577232,-0.03735641492673172,0.0484145825545802,-0.034987994526364974,-0.017866356894239245,0.030938909978302863,0.024323001694661436,0.05048810950911022,0.05473889816679397,-0.03958957002216375,-0.0011665013567218458,0.036298844876217665,-0.017861549130311405,0.15718516767535215,0.1428026711591072,0.13912597317639813,-0.08063596287209407,-0.05093317260835262,0.023497423131742926,0.449418952292739,-0.26374618142957934,0.0421797556533326,0.022034031561016527,-0.062718027357096,0.15484787540105655,0.5515907868855435,-0.23007868304175166,0.4142822362749965,-0.10010780651995317,0.08031623430220095
"Hub temperature, min (°C)",-0.020238341796988295,0.12616343712181446,0.11583934064210083,0.04278743233032489,0.06938218902457534,-0.08098569962598431,-0.06902998636558469,-0.19652639628446922,-0.014851425549153835,-0.018388316879302147,-0.0027559550874604174,-0.13404335746500018,0.008339045806387627,-0.016747707397561103,-0.013226131512495545,0.13107695057121338,0.12770002567955055,0.03860353252025039,0.14722585420930415,-0.17047136262782506,-0.10938639577482676,-0.00980480268531375,0.005706131576384916,0.12957757456745606,0.059334370881974775,-0.005824169914748118,0.03354766364894551,0.012578211958416519,-0.3473942088978575,-0.11866117444624032
"Hub temperature, max (°C)",-0.02013279290847517,0.1272689797511932,0.11678916115381334,0.041940643903294175,0.07024295044847045,-0.08096018080506831,-0.06582641972925259,-0.19509753758143827,-0.015074985787700342,-0.013833543941936586,-0.000991564201665063,-0.13145631868905758,0.005852076011467767,-0.016102901733663515,-0.00843514011625378,0.13611452839662855,0.1294609182103988,0.029704215962141817,0.14161006165297454,-0.1266124579724145,-0.08600361457214806,-0.013795692791099837,-0.0015009630976047486,0.17920511897206487,0.07551016465518509,-0.02654740423832885,0.03589475501014287,0.005784119175221966,-0.3456785080597867,-0.11922373735340226
"Hub temperature, standard deviation (°C)",0.002002574646825713,0.010304581653002493,0.007746464476533327,-0.011728510869171033,0.007793184649831751,0.0037245043244474845,0.03957382017048909,0.02315162501720343,-0.002365230290238511,0.057092725233917424,0.020290551404696724,0.036249430481552276,-0.0311678014932105,0.008666391998232397,0.0589907703564308,0.05843389869676474,0.018074570860304146,-0.11144133192870806,-0.07419729402109203,0.5614863876217508,0.30133744908630666,-0.05124144058016469,-0.09254893142879377,0.6341420425405988,0.21074107905871517,-0.2700764871469343,0.030970934696372104,-0.0908786493299374,0.032719902297087294,-0.0034523688880342823
Voltage L1 / U (V),-0.020878954875318653,0.037082182336263876,0.0992002566734258,0.23777273101090318,-0.13251054360591702,0.04426144070148674,0.03643734963382613,0.052064590984038,0.007179334906709041,0.07679039538416359,0.005900070256551309,0.020321770926888787,0.01758610872329336,-9.90747019836905e-06,0.08113278855854177,-0.09174103124171175,-0.20200938731839924,-0.03711936994961715,0.09943209694959597,-0.05144615041725967,0.007803195762070909,-0.00592315917634563,0.0022875705417309293,0.039571451730652116,0.004197864564829269,0.0017661821904009258,0.013036797259381762,0.004007948570815947,-0.019177907358669515,-0.019756575481747377
Voltage L2 / V (V),-0.03663791238935999,0.034540905548095566,0.09517567870917477,0.2334393892529473,-0.12908621350480057,0.05420289505518269,0.03817853720485916,0.051887001605559716,0.004188708933943472,0.0768174633499399,0.005841849620986209,0.016802289948413197,0.01592469453650808,-0.0014619279390217308,0.07774209378274925,-0.09482180766141979,-0.1935168384928018,-0.03539569478819953,0.09988688519099051,-0.05565954283924494,0.0002004361129527045,-0.0048267229956414776,0.001651668596129868,0.04824068521930344,0.012032872628567129,-0.012846638869185212,0.00794838482191152,0.025368620063269846,-0.033140182459141375,0.0057845917173025355
Voltage L3 / W (V),-0.030565765028568784,0.023493335676433455,0.08242269843228264,0.23277290518343763,-0.1314696652253671,0.07015943337159083,0.03846895186173937,0.061879570414532035,0.002621862075344871,0.06240418674800871,0.010252579938995452,0.03336732597739268,0.014093188354896487,-0.00030610337010461314,0.06813705528962141,-0.13544583862279877,-0.21839327753679247,-0.044891103032396455,0.08738247568665508,-0.04091302339555397,0.013943645434978658,-0.004043151281985211,0.0031366501059989626,0.043679872192582084,-0.004216156085271219,-0.010165064014316915,0.015318834248185226,0.028980551236241693,-0.05506742317623111,0.04333781316320311
Grid voltage (V),-0.029767912375817798,0.03235550798298371,0.09382941439100549,0.23805838502595353,-0.13288304969963757,0.05667278009596413,0.03820957137187083,0.05591482589471715,0.004778233216121388,0.07329790771566612,0.007385813621501398,0.023576469724120332,0.016126756006465112,-0.0005979449045437174,0.07695178497736921,-0.10818298063029137,-0.20721212593988345,-0.03954788084300789,0.09713741359718424,-0.05027816447910588,0.007259970039238863,-0.005010655203185454,0.002368403513725882,0.04447629614289263,0.004262337246934478,-0.007127948607508759,0.012173014412883126,0.019532818363023705,-0.03582811105082046,0.009144268490128499
"Grid voltage, Max (V)",-0.020212326193911733,0.033644071382282675,0.08840843339788168,0.2240685024855404,-0.12728131341061094,0.06682287140848951,0.15125214077723526,0.008621838226899308,0.004631291247258178,0.029009912764932096,-0.00025737870562541617,0.015834436725835864,0.014361589024583676,0.00042689947482144806,0.060803052954899774,-0.1135167577832417,-0.18596871288548072,-0.028808263621822292,0.09593185043114415,-0.06517082804661854,0.0017429896428347233,-0.004794108258228645,0.0028457850813574676,0.040723085819860776,0.009542861472100192,-0.011620132556150268,0.012602265004506934,0.030750003554819036,-0.020443929315136486,0.08895030124472217
"Grid voltage, Min (V)",-0.03578461161794555,0.026962428215040305,0.08928217962808405,0.2262072541869996,-0.12390486804826295,0.03995931584351564,-0.08083183177778583,0.0950908829129885,0.0037389365455954126,0.10610843987464781,0.009333108369615256,0.02977177131314982,0.014603088177440554,-0.00033966071926940465,0.07780670651829517,-0.0823470315019972,-0.18084687182281692,-0.036921860620772726,0.0745833915413741,-0.02237299595325232,0.009257000450973782,-0.003312168187706889,0.002845285564797348,0.03885983881554819,-0.00046324140440962697,0.0018281951681886812,0.007688669493973094,0.0043108305978373385,-0.036626789675438545,-0.07131198596607655
"Grid voltage, Standard deviation (V)",0.019337075778489643,0.002212888047477652,-0.007909049748185995,-0.01650771304386547,0.005408129934860485,0.03270957035425887,0.3518544711236021,-0.13438912743269388,-0.0004142496861534115,-0.12344756301336039,-0.015924620032860402,-0.02465092544538391,-0.002036749027875968,0.0023428461271986644,-0.030736043174071723,-0.03322778240521773,0.005985964116032111,0.0020385608224216117,0.02395874701420698,-0.06357097715244042,-0.014254811400604667,-0.001968295134515162,0.000417609378860013,-0.00123721871877505,0.012365069034203036,-0.019819469631412418,0.004181305018925635,0.0313991738630437,0.025785673887740185,0.24432715406484662
"Voltage L1 / U, Min (V)",-0.017835626703293275,0.016397892976030386,0.09025579636245536,0.2340878293633191,-0.1169903933048339,0.059405826267569815,-0.141406401095742,0.029540623837358167,0.0020503395914654218,-0.031700742758248086,-0.02737811158880974,0.021107098234538088,-0.00972376303688609,0.000525729085241433,-0.09067815422586582,0.12020510664819735,0.2007144076008815,0.07195380724058503,-0.09906084120998712,0.055237241344943934,-0.0033983884274779996,0.004058891519229944,-0.0034058383427094645,-0.03661023013805946,0.0019957104680308584,0.01019323853954994,-0.005289892828724635,-0.021661875421071626,0.03352851733956001,0.009534135938025642
"Voltage L1 / U, Max (V)",-0.004134100334797988,0.027409428495442985,0.09036226383149312,0.22697423795253482,-0.11836510968456204,0.08315765725982173,0.13753077457986368,-0.04506653692667195,0.0021031984929842673,-0.07134437832380316,-0.03582057373197138,0.008417261320135205,-0.007818819203400553,0.0012493343163247615,-0.10350891389479475,0.12675800150642336,0.20939036819603404,0.05052035761519144,-0.10143497067859444,0.018610016373389132,-0.019383047284290317,0.00567499559272614,-0.0004777054331219447,-0.04151004126246835,1.5436610682935392e-05,0.002603840543363483,-0.006205136557120915,-0.032405675703967296,0.025690675139418424,-0.03220206624424904
"Voltage L1 / U, Standard deviation (V)",0.017392724612215662,0.01537605670911507,-0.0006434217595928634,-0.025141612906295883,0.011277267405131021,0.0264650336338949,0.4472320623594681,-0.11360918686115647,-0.000589647948343261,-0.056650315230870454,-0.009296113663495757,-0.015211986794079832,-0.0018273031386126953,-0.00037077607792947626,0.0029712605782184136,0.02062011054713027,-0.0001602471519175524,-0.06509464467173386,-0.007365062288315424,-0.0012981825003934855,0.0020825551809657804,0.0020616314087319454,0.002361352072122705,-0.004863953662039068,-0.013825124720876946,0.007201647365690702,-0.00435136689458248,-0.015116840794377348,-0.013749198381372629,-0.07485719120878451
"Voltage L2 / V, Min (V)",-0.027293438259905812,0.01789905319962192,0.08936048260086343,0.22910080673965874,-0.11725940727522634,0.06533493027285982,-0.14891515345702683,0.01726502563953776,0.00011007559146351919,-0.05728983695837708,-0.03051644208944358,0.010532430464960163,-0.015825296597543614,-0.003456387185026149,-0.09214129013076709,0.10461393101123004,0.19676216643050767,0.0658839576165072,-0.08847462085241925,0.06407780002032429,0.004309874557481955,0.003164365800023361,-0.004650579593125281,-0.029572429095345867,0.0005348907283302031,0.0060098257077075955,-0.0023864353818256363,0.00264593322558216,0.031028872465978654,0.016673866957558674
"Voltage L2 / V, Max (V)",-0.017363745643316327,0.025386033717935862,0.09066419653974038,0.22395478507434674,-0.11797998262661821,0.08643661846488472,0.13167942845322272,-0.06186322941477536,-0.0005112249109469828,-0.10810502192301559,-0.04050753809605651,-0.0022389682233420597,-0.014975354737634816,-0.00010429088354748547,-0.10248390978779509,0.11246915612509233,0.20082460215463746,0.04121370119670116,-0.09090333234530995,0.03757754837255651,-0.0037356170150664413,0.00429807606228969,-0.002350489842198933,-0.03651981953994123,-0.003112820418486902,0.001185200280012069,-0.005612095656327001,-0.010817566427674768,0.030684662741112773,-0.021829310444874395
"Voltage L2 / V, Standard deviation (V)",0.01362710604088907,0.010403804625074675,0.00023092805551892475,-0.022486972840846695,0.011053317289500061,0.023401161514544525,0.44719688113156114,-0.11880939299999738,-0.0011056969028367478,-0.06876347512644791,-0.011025419642319538,-0.015132335947452214,-0.0024259731604678427,0.0030441743602047603,0.0049057129249189604,0.022235214488202516,-0.005970331742101976,-0.06697892330498913,-0.007749067938385569,0.005664739944759573,0.008808630302219428,0.0020574943200676946,0.0023085161952444127,-0.007697751539322345,-0.015510744949829656,0.009853916961298049,-0.007293345482310436,-0.019721606045836813,-0.0033879755186667256,-0.07004010409284693
"Voltage L3 / W, Min (V)",-0.026564818403825893,0.006098032543458892,0.07632353034043268,0.22336539439757253,-0.1273118400735468,0.07541511427065158,-0.15344463450797963,0.04362043197750536,-0.0009014773212487207,-0.05713961460623654,-0.02632123625393332,0.024609243182318948,-0.01717242301069155,-0.0015005095378875716,-0.09742230887795102,0.07560356391460724,0.18272273362832117,0.06633150494217394,-0.1154913702520562,0.09315327184697389,0.02659729345653788,0.0023146677670419953,-0.005817755500031961,-0.05248502129248861,-0.01585168295579321,0.01825949932434298,0.020225579250455875,0.0021845504361161505,0.03747933665273766,0.021251292145194445
"Voltage L3 / W, Max (V)",-0.0139875996180998,0.01538154545868782,0.07617843858279838,0.2174454866745428,-0.12881794796934048,0.09972156629320596,0.1531363087542163,-0.03946800114564219,-0.00157716903839395,-0.10794397972193114,-0.035629243948681485,0.01133655458922069,-0.016227655198867832,0.0003393137935302449,-0.10966562209283066,0.0833048234007696,0.18833632299218597,0.0405351675317479,-0.12006391996924501,0.06208612574866497,0.0163119042516194,0.0035312442790154225,-0.00333779484906956,-0.060967766798466924,-0.019625263011931977,0.011335799718037847,0.018675235466513816,-0.011719127417040578,0.03488576180955754,-0.022065667684333077
"Voltage L3 / W, Standard deviation (V)",0.0152750697857355,0.012441732771730296,-0.00042911962382245755,-0.022314138158864568,0.010878663060665525,0.02391972295842527,0.44787416647850864,-0.11637702683417865,-0.0009956790364824188,-0.06401398666956962,-0.009681652986893413,-0.014940661491179848,-0.002296081945115356,0.0013976835726791093,0.004433524741171749,0.022847902164275846,-0.003117004088256693,-0.06679300115477377,-0.008002673350197208,0.003447056276885456,0.007144754251499622,0.0018362485841376258,0.002066678999405828,-0.007495615168270174,-0.014862366431960034,0.007424700877240309,-0.006534053692460115,-0.01895522161956929,-0.006540119629756304,-0.07209822311013925
Current L1 / U (A),0.1386698618224344,-0.0008245414242615784,-0.005688484928863459,0.025119382147287823,0.00560272641974829,-0.027794094575756347,-0.013040272094632996,-0.016432507375683015,0.008882180963202214,-0.027841472386303717,-0.0007546112576930763,0.015401029293775785,0.0034621250401053634,0.03134957501956888,-0.0167359358434926,-0.0019609841596973767,-0.010588252479040109,-0.00011541746072210937,-0.0014456454457378847,-0.014054923677949206,0.009472131920565487,-0.003217466936185376,-0.002560973385400893,0.021146120900482634,-0.0037984130279846845,0.014773933986164004,0.017702468151925135,0.005958198412166681,0.008095717003624395,0.0004671801674655685
Current L2 / V (A),0.1386466984883681,-0.0005439189911199634,-0.005989676193900892,0.025499499395257766,0.0054959124214137445,-0.028012443671381334,-0.012971688620126941,-0.01662331877531837,0.00841974890329148,-0.027503297985083212,-0.0006947701615355271,0.01582653536808695,0.003668831801847212,0.03091440319143228,-0.016862056573029475,-0.002118649424369667,-0.010107654310624643,-0.00018998461538808319,-0.0008431578761683746,-0.01432003056516807,0.009561303166788562,-0.003339316607380882,-0.0026472974817691635,0.021197128895175422,-0.0031369252108088674,0.014703222235683152,0.018385261999096153,0.006461515568343148,0.008627596430785216,0.00026004184004223795
Current L3 / W (A),0.13865577483989272,-0.0007556390138844893,-0.005989282347449853,0.025336167554634505,0.005739204106183068,-0.027909190260668675,-0.013015844100170199,-0.016485327939678215,0.009048341173296722,-0.02786124405919516,-0.0007656559695861354,0.015403830126981426,0.0035414607065653585,0.031197560773811257,-0.016909720655627136,-0.002212717491422675,-0.010371576515595676,-0.0002687437516099723,-0.001476470122939293,-0.014154733330574636,0.00934207008204197,-0.0032260348483404856,-0.002588039185135411,0.02144175216964718,-0.0036520898192184976,0.014684253707812164,0.017935561833596854,0.006413982483900588,0.007587177973814041,0.0004855036614226293
Grid current (A),0.13865848078484302,-0.0007109115062592453,-0.0058901068277150605,0.025318208524451137,0.005619765947602542,-0.027912771048923743,-0.013014716358043065,-0.01650546687514809,0.008795606236163486,-0.027725631895154132,-0.0007206051130575317,0.015521717311510745,0.0035422110333543245,0.031155881370800786,-0.016804634613625562,-0.0020501906082214566,-0.010355581873098351,-0.00018482000950826444,-0.001226328142953195,-0.01415864700154293,0.009555524418675052,-0.00326595765587695,-0.0025837426023738053,0.021213526817322415,-0.003579138815945607,0.014670984778343393,0.01790583911704851,0.006388146402169014,0.008008096850121762,0.00042284472369607043
Motor current axis 1 (A),0.0821095219322149,0.05989812086275073,-0.12338628188403863,0.05197563331749874,0.009400275056061908,-0.009377002587898586,-0.020230193426234402,0.0565380002506591,-0.05451881294584079,-0.1184477438482618,-0.02354922189158907,0.034713677913780175,0.024142702936398093,-0.028163972146373794,-0.06009546784568804,-0.2149440759880646,0.0027423648042632096,-0.0475426430105709,-0.07859077819849775,-0.042647998302756646,-0.21054967177786138,0.014339960299466381,0.02289829854396388,0.04191697019708829,0.09812332697195222,0.06126805164032487,0.15827739482415268,-0.14365249355288345,0.12270327834000344,0.038085530736680404
Motor current axis 2 (A),0.07072645515041179,0.12590005025686815,-0.12280182988341112,0.0629171861882098,0.02932928979769347,-0.025400919368732938,-0.01654977952579151,0.0184794910655459,-0.06764821799720794,-0.10932867158757734,-0.017602934296611413,0.0444476274336288,0.023000725647806617,-0.014632554976015651,-0.011506093373407592,-0.12277696377222304,-0.005336645849516996,-0.057018068466910696,-0.0964165674214374,0.01258840201510708,-0.21713105160718296,0.015382529397498181,0.019754995090014542,0.08791915215616589,0.08943891323924219,0.08256297581421596,0.1324818306036904,-0.13073190842493138,0.05875776630643026,-0.015493537025008025
Motor current axis 3 (A),0.06506376645842163,0.1386019053575222,-0.1214806095878322,0.06135481389797576,0.02455217610689744,-0.029770496506486437,-0.008618397676160136,0.01805469262490289,-0.06737104569397855,-0.08987693539245702,-0.014031787079932814,0.05477111966335963,0.021178346984674662,-0.007706190378038558,0.013254963112941765,-0.1164011046070626,-0.027424313775950955,-0.06279935749837912,-0.11700288276580875,0.04549970310728104,-0.20315177096741432,0.01662532572130443,0.019250072735546048,0.07861516169651311,0.0756428369129439,0.10093950372636727,0.12568534007108226,-0.13355957349539796,0.0995375763583419,-0.039390941666975696
"Current L1 / U, min (A)",0.12920608832600228,-0.041489202507919744,-0.012325008791757193,0.05794751847130689,0.024407837307130812,-0.08919479612919136,-0.006694413229365455,-0.014889977582208532,0.0006138000703739227,-0.03499025699469666,0.0011963918121601124,0.03852999885456186,0.02079332515876809,0.05408481449836834,0.009269573081692184,0.06050137509649957,-0.04262565164572205,0.0185591406685148,-0.0013606937423701632,-0.007763079973789878,0.016801196745437962,-0.00461819737588201,-0.0014472870704015665,0.00392413437657237,-0.013613183682867475,-0.007150612311458252,-0.0220162703290869,-0.03506836441078751,-0.0037299559696665034,0.013715850072422122
"Current L1 / U, max (A)",0.1373271761568631,0.023173640453153007,0.0063404393571666875,-0.00924753473358943,-0.016720480071667498,0.028920094669647373,-0.01754715758282128,-0.02192497491708394,0.02068449361749416,-0.00811189999585,0.00038448476600780204,0.00046286872808194257,-0.0081790287628702,0.015147222090912994,-0.028371254140380085,-0.02784704099202806,0.011251446023357776,-0.005530759687640273,0.002243531630606718,-0.02166725292277915,0.02002942516762651,-0.004217233930137936,-0.0030917899176576835,0.027989242300665823,-0.008721673856726234,0.023057927937343528,0.028266747218806506,0.043622178332731416,0.013342421375411914,-0.007612200487938984
"Current L1 / U, StdDev (A)",0.11094137732045124,0.08446128375369058,0.018024572779238343,-0.0658041419882601,-0.04518686776225401,0.13303180843665413,-0.0230349092559061,-0.013476007019556958,0.03244418740337825,0.011582701220134625,-0.003060992446126214,-0.045224089631501624,-0.03706847865533966,-0.023093374932071406,-0.06291561931314103,-0.11631295510404008,0.061581879600390285,-0.03320424728807381,0.002789203081209175,-0.03542399698230169,0.005896166001592634,-0.004644551209077669,-0.0038524394642701553,0.04566172664590841,0.01592698664946996,0.04258972872992487,0.09226689147987538,0.11317799957557083,0.0355205488199052,-0.028837551695163575
"Current L2 / V, max (A)",0.10142269386139464,0.04469999297238049,0.0014084445939563936,-0.01792134644422101,0.0037396528089191396,0.010701984705335177,0.09417205043831714,0.12653026513121837,0.012213614225471969,0.32681993398721537,0.04704819514569109,0.0687198364623699,0.031772739605338066,-0.0065270305304672835,0.012492291134804573,0.08415237880443649,0.07888410067266856,0.04941845732137584,-0.09473152536303683,-0.04997757590149334,-0.09683096119898212,0.009495866903369357,0.006010300480828938,0.017441666208243164,0.02747250753962823,0.0011751442131419801,0.022593591470173455,-0.013439665828831352,-0.03248521774513484,0.0008525279357549549
"Current L3 / W, max (A)",0.10146152593365383,0.044527451621425,0.0013674103514092935,-0.01822982807245838,0.0037698632942055454,0.010761066279876113,0.09403645622685747,0.12676344464830444,0.01242404251226855,0.3266138383101211,0.04702795961047779,0.06843474808807418,0.03181042507644442,-0.006557440302593576,0.012405429201776662,0.08360352905295018,0.07846380657762568,0.049454348550915926,-0.09509470011865243,-0.050181696882687934,-0.09722155432408577,0.009566062347225103,0.006081305222939841,0.017334999397216576,0.027349301975223318,0.0011303068167059028,0.022614429418230164,-0.013554550315573382,-0.03260059277074104,0.0010860153948423316
"Current L2 / V, min (A)",0.09592171459186503,-0.005288093674087053,-0.013359378377683733,0.0302887853990877,0.01995726351125071,-0.0698449281186292,0.08966399062300985,0.13030177014978636,-0.0021241168349251196,0.2720011573674887,0.04472017285360351,0.0983470338661643,0.04980832977358194,0.038246205618967265,0.04435258807037261,0.13894171882863818,0.01046968709687556,0.07230372536693803,-0.12711997977211406,-0.028142062198945005,-0.06168498960436682,0.01512406299306367,0.009138000565861601,-0.07496908363240992,-0.0016803548240078158,-0.005231783871563422,-0.05718829829268139,-0.16517952699641633,0.12123527358909932,0.08144318613359569
"Current L2 / V, StdDev (A)",0.08323291687631787,0.0877817484423172,0.012859655241695061,-0.05302969579041266,-0.003071881906612521,0.078018267627073,0.082533663058749,0.10659638470265884,0.01884935271437464,0.3042238276461337,0.037010943504223334,0.021198561229893092,0.007651395328721263,-0.045154070033957425,-0.01698146800101078,0.011225673011525291,0.12418079325297916,0.011759793693990037,-0.04804448602017382,-0.048945241432431334,-0.10354667393835247,0.00045194899200484153,0.0003740230144708489,0.08969705667493225,0.05688187147081103,0.006566522239599574,0.10983011501831527,0.1294827389229743,-0.15839802951286872,-0.07882606929769692
"Current L3 / W, min (A)",0.09589235676127672,-0.005313987649378296,-0.013495172217473398,0.030196569752027305,0.02029162940232961,-0.07009333020557687,0.0898507661509897,0.13048647649916517,-0.001838489139215152,0.27224455070708836,0.0447529822084647,0.09794522324684955,0.049512462954533674,0.03853518190110882,0.044625005484351,0.13861853149047718,0.010376928906336303,0.0720212861333372,-0.1272125875023897,-0.02705725558784534,-0.0614032790015277,0.015094294772688883,0.009117108414609842,-0.07522074671065283,-0.0019299549648138102,-0.004462236662775749,-0.0571638230542969,-0.16516841637072277,0.12072067855666689,0.08123077732642528
"Current L3 / W, StdDev (A)",0.08317778913664409,0.0875769739928971,0.013171530559290327,-0.05367469004546645,-0.003367494704366315,0.07862936404122566,0.08227919170870211,0.10658273659362862,0.019090072431951606,0.3037389449783115,0.037025247988426144,0.021032636894617075,0.007819877561947242,-0.045621376705328405,-0.017222563236011866,0.010385201723609086,0.12381275641592232,0.011661681955848394,-0.04844975731027175,-0.04942573742208613,-0.10409459938370055,0.0005361229262146151,0.0004440117305167607,0.09005522579374817,0.05687916267466094,0.006162901933074004,0.11013326310727807,0.1299114467931235,-0.15850657269955282,-0.07871411384078536
Rotor speed (RPM),0.13465730808817228,-0.03195026242579304,0.04789624857387327,0.004046089265521427,-0.004857998500852474,-0.013704396364557728,-0.008081537611135333,-0.0003255722659800103,0.03566464511666825,-0.01918150586109627,-0.0012783003508567844,-0.021012882420486722,-0.0020142962889464445,0.04408409378396034,0.003630026020567069,0.043113944042538994,-0.035059319483270616,0.013440581583508877,-0.0022673096322984154,-0.009600176682112653,0.026860714501937874,0.000611252894933776,-0.002111944285099646,0.01162270139082417,-0.04280100540611533,-0.0021849008631330546,-0.032280594329779574,0.0006373003687227417,-0.0028603644769103825,-0.012885162341914096
Generator RPM (RPM),0.13465544649469482,-0.03254054456218355,0.047522074847200196,0.004044483991077467,-0.005049033651119021,-0.013501912473523678,-0.00803279787464768,5.23147170942002e-05,0.0356471156874297,-0.019490193813836817,-0.001350713198147875,-0.020956780161332678,-0.001972196209625855,0.044080425669123346,0.003533979958755439,0.04297715097588899,-0.035035442228498304,0.013428510387884318,-0.0023159643838134825,-0.009760255107395855,0.02649417171027725,0.0006827256324717403,-0.0021139961592738883,0.011814025532007482,-0.04268049368397496,-0.0024064540446471147,-0.03249976765280099,0.0005582447023358258,-0.0027871323479479386,-0.012929015684157719
Gearbox speed (RPM),0.1346487326694769,-0.032006161531683584,0.0479771502282897,0.004012810585461395,-0.004874685327917781,-0.013703743035890111,-0.008058386457361937,-0.00027637187770276645,0.03566333902258945,-0.01922223742162506,-0.0012843238943494742,-0.02107823710310222,-0.0020111544413418934,0.04404048426805098,0.0036205481531786806,0.04305552209307314,-0.03506128136555369,0.013440715319782057,-0.0023299685184848995,-0.009573847937314566,0.026783105864403023,0.0006427805517253745,-0.0021185821602374023,0.011596414740391026,-0.042781847705042,-0.0022064442038772225,-0.0322037742207821,0.0005351448805568816,-0.0028063846186028615,-0.01284782922196457
"Generator RPM, Max (RPM)",0.1278849942594071,-0.023093315252064685,0.07691831374465713,-0.04178575644519581,-0.03402732206952342,0.0494628803556113,-0.015908010890134317,-0.0007832289377016305,0.04245709478260756,-0.017224550465902554,-0.004041072043805019,-0.032052644052594684,-0.007264616278869624,0.029417744329631266,0.004210202958866049,0.027144434557226607,-0.03471155919430908,0.009623844459061608,-0.02179530797639978,-0.011785670536704564,0.022269959290354954,0.004798927326775791,0.0005447279986992752,0.015401498297070609,-0.0584289099320211,-0.007181100315991805,-0.05092396552614488,-0.004577370379269167,0.024160108989510286,0.000252306631143606
"Generator RPM, Min (RPM)",0.12802996835047445,-0.04846847963914806,0.010781519757816261,0.056606151061667456,0.02605908875386462,-0.08951223787297131,0.00023578608733593233,0.004966257025016316,0.01531960329616097,-0.030193810745590514,-0.00035834681024292847,0.005940599234246395,0.015289878788909065,0.061129109446781585,0.019950775118874376,0.08111116963683913,-0.05268398855990878,0.022988880663848067,0.0005735306122865722,-0.003609602906961412,0.020541037787194745,-0.0018461885002501325,-0.0012824704358544471,0.004583171612539589,-0.03875026678099632,-0.006087314079231954,-0.04500843394601607,-0.03127984434008699,-0.03006723318037665,-0.00819804645348778
"Generator RPM, Standard deviation (RPM)",0.01964315184260588,0.04088984773111814,0.11786116484162021,-0.16532956243181438,-0.10034718748553546,0.24272423838324317,-0.031023499306526994,-0.01200263910656142,0.0539443984269034,0.02499629426477343,-0.007451872507928201,-0.07649823397813346,-0.0474211234078646,-0.032308595998266555,-0.030450465073500035,-0.09134925658064981,0.02448144054844815,-0.026165078793111696,-0.043014533523399685,-0.027053602270570014,0.0046824053632631805,0.00990238342737573,0.0033506111492647363,0.017584408634415016,-0.028415095195474797,-0.015435854121911586,0.0009394842962193659,0.05770590135618324,0.10116391573198191,0.008861558860410578
"Rotor speed, Max (RPM)",0.12789516591999728,-0.022490117806610657,0.07720399128107978,-0.0416096607417347,-0.03369777678185524,0.04913278107918952,-0.015950239350771448,-0.0012619377823500125,0.0428398352600386,-0.016803234103426597,-0.003975580104377208,-0.032214253975039096,-0.007431189762449851,0.029601130115329177,0.004261604337615272,0.02740585910278273,-0.03479823009972281,0.009594139212926876,-0.02167944944533201,-0.011679237174524796,0.022905412107182915,0.004747563010370071,0.0004310927113920617,0.015157994821658742,-0.05831927225863978,-0.0069241839622362494,-0.05043905207992307,-0.003991378422237549,0.02433514873731624,0.0004026436544050851
"Rotor speed, Min (RPM)",0.1281102979210163,-0.04792347737394593,0.011477586946424192,0.05622529382864097,0.025919292457147414,-0.08939812608413422,0.00011360894185819095,0.004632531536198805,0.014750352207318084,-0.030152257616889777,-0.0004382924740143707,0.006057838407558428,0.01545593658949468,0.060689277378851034,0.020087005892694538,0.08110587210808386,-0.052638673832834,0.022841148022649013,0.0004478735795383614,-0.0031090370030650016,0.020772230098712215,-0.0019348713888237877,-0.0013503621242278423,0.004536653456498726,-0.03936667749292591,-0.005945820336641875,-0.045295184212055445,-0.03141989622588133,-0.0305641489570635,-0.008116137422423886
"Rotor speed, Standard deviation (RPM)",0.019652523734228797,0.04115318505245143,0.11764559915352114,-0.16501605085783805,-0.10012853833134105,0.24260519901677807,-0.0310423737559524,-0.012248202613304223,0.05571927626986807,0.025128056404419022,-0.007400482944477712,-0.07696732271987375,-0.04769699440656783,-0.03174604871964396,-0.030546490864021537,-0.09078734500760659,0.024240757695448444,-0.02589220870431901,-0.04304542176654961,-0.027443106984717393,0.005042272134661876,0.009946529416373778,0.003301593856245274,0.01727832376149884,-0.027809345996265205,-0.015504317066011502,0.0016926685767835736,0.05851459960245445,0.10197245336408955,0.008999816647500207
Blade angle (pitch position) A (°),0.0072328307767315,0.15866238095404422,-0.15776672928818866,0.06624942311211325,0.04664341016112934,-0.008161094105644152,-0.008601535292482768,0.06418824486672314,0.10354904946152506,-0.12977020675330134,-0.026235377256056663,-0.015914635988454735,0.0024223476636788944,0.030871430037896174,0.018206114414994628,0.03822055433642181,-0.06118617972415334,-0.00640035205202789,-0.09342318778543217,-0.03139851166134788,-0.1260558801933503,0.012200461369690264,0.005822749976081156,0.08893715833493092,0.021025905794304613,0.013917656708449962,0.055505388975369926,0.010648717247548185,-0.026636011959538367,-0.059371758805347716
Blade angle (pitch position) B (°),0.007265139014359006,0.15869568084793154,-0.1577636638683665,0.06623265935365695,0.04666004015149115,-0.008197345259734902,-0.00859711464565568,0.06426770693842954,0.10344786847523892,-0.12977948729654679,-0.02623732387961096,-0.015956880725348465,0.002467056491517561,0.030806454551823674,0.01819072991313042,0.038130921319369376,-0.06112537784701569,-0.006402513104626922,-0.09338926551082372,-0.03142461927581692,-0.12612928394778977,0.01220460267527993,0.005836563347049278,0.08894634295018627,0.02114275881151069,0.013984569752828534,0.05549944989657471,0.010542872706580005,-0.02663840465534751,-0.05931762151819934
Blade angle (pitch position) C (°),0.007215151616040363,0.15867594869869495,-0.15777329782982089,0.06622365161276182,0.04664251365222003,-0.008174842283139474,-0.008615810603923541,0.06431877900522075,0.1035720156800671,-0.12983000005489326,-0.026225955409702222,-0.016007305625748217,0.0024495254504383677,0.03079885355640546,0.018217500011489942,0.0381613593337073,-0.061152486471115076,-0.006361574750150083,-0.09331883532448684,-0.03141279388440447,-0.12617288573633173,0.012177232443060265,0.005814305706020748,0.08890682698985504,0.021202779359004727,0.014008361047500223,0.05550349281457019,0.010508640594474358,-0.02663207023299266,-0.059271241541074965
Yaw bearing angle (°),0.014888321688071209,-0.031745624339549035,0.047807269646033136,0.08818661585518006,0.2956842084317455,0.20148069665403845,-0.013442340307404288,-0.007005485307635713,0.003872542741493141,-0.007318118805957862,0.012787953243639807,0.07359783100361159,0.014578389715293965,-0.02872547198609791,0.01824762110061036,0.008361987511566239,-0.007683389613493948,0.0010128709945480246,0.031876090384751664,0.007195720604761901,0.007321121029490123,0.0010882033254325187,-0.0008477537314030866,-0.009768132472306613,-0.004292280117261059,0.01291435690972444,-0.003315744016990586,-0.023211925171978256,0.010155868223871094,-0.009336811125725751
"Blade angle (pitch position) A, Max (°)",0.03923007272012898,0.1727569256011395,-0.09877506417879267,0.030277578230062222,0.04141282481847934,0.01624637099954995,0.042593623117415075,0.21566540186584862,-0.02723564392094099,-0.03336050055678676,-0.02211991131117001,-0.1683368619553459,-0.029841160982982427,-0.024543837901089972,0.025311775669176504,0.03915914001441249,0.055019507563962726,0.023838264736649385,0.13730785195040648,0.03255059774270266,0.1083531878033606,-0.008586627830561662,-0.00618654269494096,-0.06096532069904994,-0.025165920843318788,-0.006941841466859083,-0.046073744787627,0.010100989511974984,0.01121718817587292,0.039790983166727946
"Blade angle (pitch position) A, Min (°)",-0.021424991127112707,0.026570185549091362,-0.057167472804319046,0.03911515361357434,0.017866365378961597,-0.04879338303848501,0.0005148116363978542,-0.02413807658161899,0.5332550088999758,0.015908089237784223,-0.014052956971804663,-0.010825016279166747,0.017358321683716427,-0.10711165220304289,0.011606630167626602,-0.04760634074002267,0.02651715250019079,-0.006991549026473372,-0.012030878841483902,0.02150482459748714,0.018218181919825587,0.0031371788914461747,0.003009922723992188,-0.019593853161656537,-0.027010882049652355,-0.00835518608944746,-0.05167943397124638,-0.041905654385010364,-0.016572199734946155,0.03169816504049117
"Blade angle (pitch position) A, Standard deviation (°)",0.033031302463962964,0.17959936780799302,-0.10591789929901337,0.031757522810060126,0.04192428847948482,0.018562085354395286,0.03866025702080382,0.20798168090704264,-0.052434981967406764,-0.04715670697783297,-0.021710498326555038,-0.15260472956597343,-0.027636274948514655,-0.00423358133273971,0.029887567164129353,0.057208054208343816,0.02760908673728916,0.02533375969934463,0.10264030539601393,0.019618094139977768,0.09013038676209177,-0.008316371685082233,-0.007623394318937719,-0.046437015025829004,-0.028855218484438325,-0.010824946082157477,-0.04504266875462597,0.011369082764093437,0.0014539907397159528,0.02398137400075645
"Blade angle (pitch position) B, Max (°)",0.03924851436976669,0.17274482909940542,-0.09875282440194319,0.030286199207494428,0.04140767286326855,0.016216241416515485,0.04258881774233788,0.21579755331610181,-0.027295417900050765,-0.03341612418176852,-0.022051962253387493,-0.16840327086565937,-0.029891859603121112,-0.024613567542557228,0.025218839477386373,0.03921533794201938,0.055039987198991294,0.023834390617186892,0.13741419047166875,0.032460677131870605,0.10840483918635123,-0.008701635405765377,-0.006291686369800889,-0.06075752802090696,-0.02512822586212451,-0.0069197112227480685,-0.04609891418861188,0.010244839012556007,0.011124007146448808,0.039819616091577185
"Blade angle (pitch position) B, Min (°)",-0.021414313555587407,0.026536825065334713,-0.05713123276415613,0.03910613088157298,0.01787005498395127,-0.04877682134855402,0.0005261738726579926,-0.024134365326924718,0.5333450381027598,0.015897903060915056,-0.013910436093564325,-0.01102157138282382,0.0173632121549644,-0.1070751305326841,0.011576897668366556,-0.047857201627587054,0.02663861696455927,-0.006994084732057218,-0.012139447993639627,0.021555694722223604,0.018274304044350646,0.0031508089803709786,0.0030233989282058005,-0.01951309309065321,-0.02717159344921225,-0.00822802923522075,-0.05214081044061427,-0.042069011671884135,-0.016845693110822704,0.0318659600077971
"Blade angle (pitch position) B, Standard deviation (°)",0.033051722389094686,0.1795855579618288,-0.10591303573630785,0.0317612645626702,0.0419196198988231,0.01852602466675513,0.0386491152813899,0.20807565586238733,-0.05247230984443624,-0.04719448701627455,-0.02167088180945108,-0.15264816604327505,-0.027666353386401013,-0.0043309833303622,0.02982789247408174,0.05721582474158996,0.027629701665054063,0.025348795138828456,0.10273866691536973,0.019548393350789332,0.09011586723709056,-0.00839560585348734,-0.007691746168872103,-0.04631323415503016,-0.02881420259191697,-0.010757577057578894,-0.04501856053288307,0.011406070899616112,0.0014537123531212074,0.024017866754141068
"Blade angle (pitch position) C, Max (°)",0.03924807842434189,0.17267967438927834,-0.09876636062715428,0.030271826700405857,0.04138966479824403,0.01621117770514122,0.04261221983712806,0.21583910748361895,-0.027288900709062,-0.03348401528319681,-0.02204048633319133,-0.16848123172252438,-0.029949979784649246,-0.024673277036431567,0.025179409570577578,0.039147513016073124,0.05507824416013717,0.02376548061434078,0.13754687935969168,0.03247803933273716,0.10832970269451886,-0.008854426410229526,-0.006429515068165082,-0.06076740678910935,-0.02510017812376649,-0.0069304876356102545,-0.04604915985884059,0.01028971619395027,0.01116733093041698,0.039893682491403286
"Blade angle (pitch position) C, Min (°)",-0.02141019787671842,0.026513714281336146,-0.05712171108257137,0.039098681314003285,0.01789423141684838,-0.04870916680819574,0.0005306922246307572,-0.024142359635898947,0.5333048717958379,0.015874512757647206,-0.013813638370326724,-0.011165404110210964,0.01735296494007429,-0.10696732923076478,0.01156496934980979,-0.04796633447917276,0.026661136423647126,-0.007020039735950178,-0.012160199559183177,0.02163136680909289,0.01835347952061394,0.0031580467326570594,0.0030227619724947728,-0.01940845010734496,-0.027305234403480552,-0.008153800904312144,-0.05234913923104234,-0.04203675347967081,-0.016908376788971575,0.03197085588742296
"Blade angle (pitch position) C, Standard deviation (°)",0.03303836684282513,0.17954658588923525,-0.1059415797016686,0.031766810759487854,0.04189254111615113,0.01852474171455553,0.03862392687488572,0.208113678736493,-0.05245781884050478,-0.04731845785692274,-0.02167983565068913,-0.15270224802402207,-0.027721038151164445,-0.004382072536449433,0.02983096687490216,0.05720197694262984,0.027615503512865815,0.025324272441545392,0.10281928847573496,0.019553923042607002,0.09001995753953929,-0.008503026758966655,-0.0077899334404252524,-0.046333252446677256,-0.028812886043895574,-0.010754243537675866,-0.04496079852338141,0.011407227732680077,0.0014764225392509401,0.02408484578343071
Gear oil inlet pressure (bar),0.12557029618160384,-0.0064149244365472495,-0.03664606600891276,0.045877144725558414,0.008837748446544334,-0.025117348598676616,-0.019083471645229395,-0.07303165188926243,0.02045386043166844,0.028727996510603707,0.018377053094641698,0.027974604836111194,-0.034984498876035754,0.14892523030632404,-0.07235999865904273,0.002571886372176055,-0.017048185612011192,0.004812377810107009,0.04882225331357779,-0.001302457533469744,0.05792547286851817,-0.0005187627505574902,-0.0010038092422671573,0.025727861771866714,-0.07231611926454638,0.028798158129397552,-0.0630084275529243,0.004147209616708834,-0.005851679322666394,-0.002186540243729041
Gear oil pump pressure (bar),0.12241466908019472,-0.0046057406526619936,-0.046002355955739274,0.04803261720264708,0.00819582151429598,-0.020777607435699418,-0.017977179052045288,-0.07955834412928846,0.024677828743938816,0.04396469844001901,0.022199826509997325,0.027603946729495288,-0.04534925205571375,0.17405496617819974,-0.08720453533900777,0.005122087716399662,-0.016212493062897695,0.005955953257165886,0.06082260632734936,0.0010166102771877635,0.06748092696877094,-0.00231291076487224,-0.001614562313365103,0.02674179343925954,-0.07976149320552542,0.0373998520796978,-0.06312721684907854,-0.00036998814558579615,-0.001669159780041696,-0.007295198646825252
Grid frequency (Hz),-0.0009423863601946844,0.0013787561654963658,-0.0007377754017925966,0.02043684354961746,-0.025514829660279386,0.0025341170242663374,0.0056951791112264975,0.015667906904106816,0.0113643555113669,-0.09409464281262078,0.5947710527485823,-0.03780994913190217,-0.0265144731128795,-0.024956293034360557,0.018186941890278654,-0.013473475029570093,0.022141888838009605,0.018186704144494283,-0.007402641382889572,-0.0017908588117690125,-0.014662857793618457,0.0033168077900520426,0.005000635703334699,0.0014097005065863526,0.001076977344924835,-0.005124853493609263,0.0012214399990014037,0.006968798289499541,-0.004474938720590091,-0.01007902590525557
"Grid frequency, Max (Hz)",5.62808954229921e-05,0.0067368246741491755,0.0024748821398035584,0.0037009111813775873,-0.013739436605558647,0.007276988443846607,0.03715105186957323,-0.012091510336270409,0.008098443980187026,-0.10726855350794913,0.5417827315554034,-0.03991425029174453,-0.03392853685526415,-0.02237153409484016,0.01479794567196192,-0.11307607636778214,-0.007212815462247942,0.3684453502953676,-0.01007509291441204,0.05269378435940828,-0.036109460630598035,0.0046734161144678325,0.001108780312696216,0.022166662187152048,0.016314819512373152,-0.01917755853864409,0.0013282013019167045,0.00831067703949672,-0.019409892556584093,0.01368996361158616
"Grid frequency, Min (Hz)",-0.001985538592219719,-0.005022034914284593,-0.0018694156457545635,0.034626480708676695,-0.032584469733479365,-0.006475766984171419,-0.025039619651384317,0.04075300444678266,0.011851230349101863,-0.0697749336382834,0.5571623748569154,-0.02696699143469935,-0.013641487474893313,-0.03111636801777015,0.019220728550269055,0.09518631693429383,0.06113405889577157,-0.32517518825234093,-0.016686162783482353,-0.042604986474632386,0.010907883747093727,0.004032699586308246,0.009595593051226377,-0.04169272583442591,-0.015533275184808265,0.0003116071064133072,-0.012828080680199264,-0.0040414288102555915,0.03102088759202826,-0.0037238028104344227
"Grid frequency, Standard deviation (Hz)",-0.0003547627033392243,0.020323480212020677,0.009848519894418059,-0.033968367115970795,0.015424522904729458,0.006485805723266539,0.07679456264406284,-0.04732319796605373,-0.002303299018172016,-0.01961401190968773,-0.03985677373970122,-0.015206646376762457,-0.02328214622812562,0.010265709123943924,0.017290052359886492,-0.2323275883308167,-0.08573639821903321,0.7855704050249313,0.007355199690847275,0.1344387663642283,-0.03590839690725332,-0.0017809271582375635,-0.01332484965198226,0.055286333161311145,0.029056982632643946,-0.0070885426786715805,0.009993289522125103,0.0020299902408385737,-0.01638972348644964,-0.021418020809668134
Apparent power (kVA),0.13862860420610482,-0.0007197117932811816,-0.004950104704229643,0.02696477099580229,0.0047964327532050745,-0.027367809945164454,-0.012662634531485605,-0.015738454677696193,0.008854400075586329,-0.02726765041115355,-0.0006185587529320964,0.015191138991477232,0.003466841836984998,0.031426687696539966,-0.01616204620966203,-0.002254687948102821,-0.011909709530869377,-0.00018409407002710314,-0.0006312370174106664,-0.014404629183136392,0.010299935291156782,-0.00329912375237173,-0.0024985166193942044,0.021433545811384305,-0.004365578855999152,0.01393618970402598,0.016996178629095558,0.00682125493561115,0.007403102121791896,0.0006471031543496914
Cable windings from calibration point,-0.009344785124385654,0.07194451510431667,0.07112521528855882,0.03238033440049289,0.030924566691140885,-0.03643312843800393,-0.03259790807841913,-0.12915890424088408,-0.00410382504586815,0.012139395561248356,-0.008828720989871384,-0.08888120446946954,0.02507096227418813,-0.01490056760201466,0.011513223578885508,0.1011322524965337,0.11107550822472094,0.0285279997510184,0.21244690717965536,-0.2494314918976579,-0.3032856328164789,0.016851285718682208,-0.002645168678515725,0.33139018629633343,0.21908568370191145,-0.1182946455868733,-0.3574563663960831,0.09693014432297883,0.37660694819873086,0.44357213958815844
Metal particle count,0.000860615536349592,0.00296899679910402,0.0019495267417867646,-0.0023152514214716115,0.0001832192963077421,-0.001162040480129598,-0.002805331056928701,-0.004460377195166551,0.0002544167838083738,-0.0018361806876778545,-0.006360900774256395,-0.0013350322985895826,-0.005395938610597156,0.006463053208070018,-0.00015451467691714407,0.019596231035944756,-0.0009376013441206891,0.02143006158332904,0.0007716228156516376,-0.029128651814833817,0.18429480235947784,0.7087982113846665,0.6633434933297888,0.05565008795445636,0.13090598673277198,0.016298584300182155,0.020039971146481195,-0.010895567424192327,0.0025753904745434257,-0.00786544344963368
Drive train acceleration (mm/ss),0.1213533254809638,0.034636084692628626,-0.011417980617579171,-0.02473342017264468,-0.05470167617601566,0.035198403605527354,-0.016521380089742438,-0.05150976664874766,-0.0015301079480016814,0.00164804743326426,0.006491734306168271,0.11252109230701282,0.047139461785088196,-0.08555249852872791,0.007153948610831504,0.02044283122671866,0.023443436590405882,0.009457734823525438,0.12353764259347472,0.048670172562199784,0.010787824659788274,0.006069023826144996,0.005460515734057584,-0.017740075414318737,-0.03535440105566833,-0.0017586878658560831,-0.0891929561473112,-0.07615313412532433,-0.06001389801964557,-0.007444922852081274
Tower Acceleration X (mm/ss),0.04030297258576632,0.07512294944535348,-0.05096975320499525,-0.08134401312001778,-0.147543498662097,0.0641937554495541,-0.013991425741021331,-0.04679460999340056,-0.04124078123213057,-0.033298934533883516,0.010648249748727481,0.24193603093387475,0.1174554948428595,-0.16048203765248076,0.028952644899971763,0.11868068488980885,0.0003333966394436731,0.027588771386608382,0.24871846465004227,0.08913321356397458,-0.036179402540074665,-0.002798103034435147,0.011961719750231619,-0.03371061242924231,-0.02035679932581754,0.08913508094862871,-0.1113254987588552,-0.3258928940028226,-0.0813688157939399,0.021936520267960093
Tower Acceleration y (mm/ss),0.10074866580360857,0.04689250486001704,-0.022369343399932108,-0.04118635768844524,-0.08301535269085618,0.048410441902871026,-0.021744352380494002,-0.04774346242405282,-0.010358409822252874,-0.027830345083029975,0.009316722817476976,0.1537745782114547,0.059846995619770214,-0.05119731620240583,0.020213300486447438,0.09998660546294495,-0.016697621744776726,0.034247078638344586,0.16946751946520458,0.03726008646763644,-0.012601938256388723,-0.0060714522244931625,0.0036805540485433472,-0.006067678488370474,-0.016609335847395233,0.07456952149781763,-0.14267445081317878,-0.2420250152322728,-0.03746873087230913,-0.007381983297595269
Yaw error (°),0.004422234493652134,0.010594409916227135,0.02010613761667311,-0.014921144381449793,-0.02083763584931435,0.001546727520837325,-0.00011241988601684921,0.015118928173474988,0.023402431205017477,-0.024962708951605732,0.02096387351800539,-0.09687436337434849,0.61456583313046,0.2618078744566443,0.01820861527881501,-0.10842375622052332,0.10829339273727386,-0.00798050513725801,0.009004190105553134,0.014705713750692413,0.04881745182800083,0.0009237128606739489,-0.0026030986904790406,0.00923888995700292,-0.029893793968121196,-0.021963129465259856,0.016454841356669383,0.037820510044172195,0.005675527973912877,-0.012142553921356089
