PitchAngle,Power,PredictedPower
1.293482,1495.8242,1741.2674556507532
0.80723804,1612.8799,1673.652630819279
5.8694587,2056.7664,2025.3431138480546
8.345749,2050.64,2019.8088303288193
1.9687264,1881.961,1834.6858763415353
1.8851168,1832.1605,1824.0636744849203
0.66878325,1680.0763,1656.6417945235216
4.493442,2008.7644,1989.9996200376536
0.3459792,1716.5107,1623.7283699797824
6.2365823,2050.1875,2032.5006019473724
1.4760134,1710.1996,1767.701727458732
1.9164225,1873.337,1828.0848383060356
2.4699428,1860.218,1889.4954303328086
2.4653237,1861.9515,1889.0641916929505
8.174231,2067.919,2025.6640948934592
4.33072,2008.1835,1985.1794634657217
0.6813695,1587.877,1658.1264737604574
6.19452,2039.4528,2031.7558042991604
0.04899957,1427.7411,1604.03123133576
0.7762521,1561.0391,1669.722420268963
3.4338713,1914.3605,1953.1982910991119
5.859192,1845.237,2025.1237427145995
2.4808962,1883.6268,1890.5125023535188
0.20697139,1450.443,1613.1156336976105
0.7814514,1803.8358,1670.37724382969
5.9290824,1979.5797,2026.59838594406
4.1158195,1739.2372,1978.527281676321
3.971268,1968.7852,1973.8049635655834
1.0143716,1704.4054,1701.3893630130328
0.1379948,1572.2811,1608.7474015624455
0.7044572,1827.0531,1660.8836976115313
1.8006909,1833.9084,1812.973261431202
3.9272919,1942.2942,1972.3180985533368
0.51767266,1541.3053,1639.9208318182486
0.42987362,1559.0522,1631.2380937113762
0.58178616,1482.6375,1646.7557877290603
0.8878492,1616.5842,1684.1688098444524
1.669565,1626.5298,1795.115837301986
0.6738388,1660.9374,1657.2365642324648
1.9693404,1794.5272,1834.762470657663
0.47888142,1701.1049,1635.9847806023574
5.2367325,2054.6003,2010.3659811927644
0.44247374,1677.4358,1632.4338286961893
0.58806604,1480.4932,1647.446491164216
1.3692778,1897.2155,1752.2684305707364
0.30699447,1616.8846,1620.515406153797
3.203582,1901.9335,1941.9873848834652
2.535475,1935.9052,1895.464796402607
0.04899957,1705.9025,1604.03123133576
1.0234615,1864.8485,1702.6543824618884
1.7036562,1801.9753,1799.8250676463583
1.0399141,1813.7451,1704.95213626209
2.5015657,1921.2169,1892.4105867723117
0.4433257,1534.57,1632.5153011374316
0.31199357,1735.592,1620.917322874132
5.7046103,1985.9159,2021.7136937384284
0.021999815,1380.4119,1602.80958229574
1.2564124,1574.8917,1735.8927583380578
1.2024833,1980.3319,1728.0968964231743
0.029499903,1453.4995,1603.1390722446786
0.0,1412.8219,1601.887032762679
1.4473774,1890.6838,1763.5743934424534
6.5000973,2053.5903,2036.6261255453458
4.2791324,1958.3877,1983.6158366936922
3.0765655,1950.6322,1934.916347322852
1.1063726,1891.5258,1714.3285829545923
1.9102793,1808.3591,1827.2998183388772
1.844385,1956.9893,1818.7565142855833
0.12599503,1456.426,1608.0504373084914
0.45931968,1588.3021,1634.059306255811
1.7134123,2014.1803,1801.1646379211538
0.45386517,1766.9191,1633.529660693
2.6220477,1919.4381,1902.9299368741326
1.6077307,1768.1888,1786.4709559087783
1.8386357,1765.1093,1818.0007691626015
3.4045804,1992.3876,1951.8734819450817
3.0738049,1842.3558,1934.754713103568
1.1320943,1755.0239,1717.9928117078375
0.55204993,1458.8231,1643.535950926477
4.4309487,1959.7482,1988.167077111584
0.0015,1680.8905,1601.947848633476
3.6759536,1952.1864,1963.2328107250187
0.8727715,1681.8679,1682.1718495672294
2.0132964,1868.3064,1840.1902598645145
4.1968827,1983.8666,1981.0814803351489
5.78205,1871.8608,2023.4464511289648
7.8918138,2042.8002,2033.3285154795435
7.041119,2039.8043,2041.2911703022774
1.1978343,1576.4711,1727.4266838537385
4.601118,1921.4453,1993.108467513969
3.2933087,1942.4868,1946.5821642472556
2.5393414,1886.3318,1895.8083527062483
3.0240197,1772.3413,1931.7783089446784
1.3384104,1874.7605,1747.7887868868745
0.39297596,1737.7561,1627.8371863454504
0.3304032,1596.406,1622.4230956301958
6.29494,2059.1343,2033.4971416845788
0.106997475,1441.4817,1606.985692874222
1.2131894,1663.0171,1729.6415748240333
1.9994763,1710.0929,1838.4956329788884
0.7599059,1801.6937,1667.6762636455394
0.003499999,1627.5654,1602.02941182437
6.79455,2061.8264,2039.9046294950492
4.605981,2059.8296,1993.2475076358207
3.9835403,1991.8035,1974.215377232556
5.3693814,2046.4485,2013.7197724678092
1.5374532,1697.3927,1776.5073878053827
0.3319366,1583.6337,1622.5503287540475
7.756852,2046.3326,2036.0853849286989
0.82631457,1617.6748,1676.1044742064148
0.39347112,1697.1846,1627.8818192838244
3.9980116,1993.7802,1974.6969023878498
0.52887505,1371.6661,1641.0859997053274
2.2362134,1927.3889,1865.9267574111461
1.4508721,1658.347,1764.0787412330376
2.0215695,1803.5541,1841.1994127675987
4.537379,1848.6425,1991.275321861062
0.003999999,1545.5,1602.0498875036344
0.45033324,1614.0862,1633.1884020699108
0.69656676,1779.8079,1659.9365372900452
5.7199593,2028.6829,2022.0608788123104
2.2918835,1986.7551,1871.8637686785012
7.414144,2031.6931,2040.469064722428
2.7058785,1848.8132,1909.7133815240486
0.85039276,1662.4803,1679.2325698476618
1.690579,1844.5897,1798.023748734522
4.689004,2035.0114,1995.6040000909404
5.556387,1902.4772,2018.2717344307152
6.1457973,2041.6792,2030.8665801392938
1.4303795,1774.5,1761.1189926122852
1.7510238,1847.8214,1806.2932025162147
1.7096696,1823.2084,1800.6511817587611
1.2923703,1434.5038,1741.1061555601316
0.54090816,1739.6805,1642.351494477546
1.3618485,1801.5806,1751.190541352884
3.0871878,1915.8234,1935.5350118419797
2.230737,1965.943,1865.3318872756172
1.0948088,1893.821,1712.6871324969868
0.042499695,1554.2595,1603.728155913548
2.2809114,1840.9484,1870.7095493779052
0.013999952,1433.5011,1602.46652233233
0.07699427,1349.5454,1605.4013229159946
0.8627383,1722.6794,1680.8503522955948
4.2866607,2045.781,1983.8452038578844
1.1736803,1661.8727,1723.9504825293982
0.4608998,1564.1886,1634.21333302876
2.019401,1918.4746,1840.935284715813
6.724652,2062.5835,2039.2728184495816
3.7576761,1735.0355,1966.310748759423
1.8668149,1977.0011,1821.689343266998
5.800202,2045.0532,2023.8456356237689
3.7154224,1968.1199,1964.7360702248116
0.54041404,1585.7028,1642.2992473511413
0.115498364,1445.6006,1607.4562629886818
1.9095654,1711.2229,1827.2084615047422
0.2939996,1808.6387,1619.4846893040253
0.5102779,1457.5394,1639.1586196160492
0.41447753,1526.6715,1629.8006326881334
0.011999974,1409.8314,1602.3821110899362
3.098998,2029.1886,1936.2168062598216
2.6158252,1806.7665,1902.409128746636
3.1216748,1697.0123,1937.5083015278228
0.7950887,1698.9165,1672.1037585162805
0.52443963,1649.7401,1640.6231654964463
0.7291895,1629.9471,1663.8844142833725
3.0738022,1952.6788,1934.7545548448807
1.516792,1863.3057,1773.5547868795766
7.0264716,2058.8457,2041.2482771043865
1.1113611,1557.7109,1715.0378523908644
0.23234676,1507.84,1614.8754179177465
2.5401258,1958.901,1895.8779352710742
1.6321752,1850.5729,1789.903430402444
1.3045367,1677.8392,1742.8716735185799
2.2244625,1719.7493,1864.647950521699
7.616656,2013.0109,2038.3260832687301
3.5591898,2012.3978,1958.5817733780123
0.13749622,1447.4248,1608.7180682301293
5.080837,1997.9182,2006.3065610876351
2.4571955,1885.8778,1888.301976910618
1.5706872,1920.5127,1781.2355332679374
1.8440983,1927.9203,1818.7188658112857
2.1076603,1855.5198,1851.4594061596845
2.197167,1922.5875,1861.6432719030158
0.0,1486.9612,1601.887032762679
3.4717953,2005.4144,1954.8746190391225
1.0560572,1715.5808,1707.2163087928598
5.7324696,2046.5104,2022.3425054050315
1.8431612,1898.3683,1818.5957809632996
6.193942,2026.5023,2031.7454197847835
0.44001544,1447.4951,1632.1991836308198
0.22099756,1785.1018,1614.0783234921141
6.819933,2020.8234,2040.1094307221315
0.0,1401.8947,1601.887032762679
0.34398773,1671.8481,1623.5598974922182
0.6469699,1902.5214,1654.1003199692145
3.0948594,2015.3104,1935.9786093629777
7.3046436,2062.7117,2041.111895280113
3.2739122,1701.5836,1945.6150013311037
3.4216745,2013.4291,1952.6498955041313
0.7798513,1729.4634,1670.175516975572
2.6571705,1946.5688,1905.824515064648
6.3787575,2032.8588,2034.849094251431
0.60092187,1674.3861,1648.8718988119888
7.2051916,2043.14,2041.3986139622154
5.6438046,2041.366,2020.3208376657976
0.7588319,1476.8635,1667.542500268575
0.9558368,1638.0243,1693.3266680179777
2.8674953,1932.6494,1921.6145625580145
4.9120536,2047.3273,2001.780739525249
3.4296997,1992.4325,1953.0112438789522
0.21698335,1594.6698,1613.8002692834427
2.3285966,1611.2078,1875.6687701751428
3.9476542,1994.0299,1973.0097820391406
2.9554758,1997.7161,1927.482900908661
2.1289616,1935.442,1853.9284691687885
0.9720217,1698.3239,1695.5407838789251
2.2005935,1790.092,1862.0230764784956
0.47690642,1817.8534,1635.788548882499
4.7426186,2058.961,1997.1089309070524
2.5888338,1890.5461,1900.121927124156
4.41116,2016.7391,1987.5821349607172
3.037063,1830.529,1932.569496291017
1.1238391,1735.376,1716.8149239566967
0.40465084,1541.4419,1628.8968801211433
0.44096994,1655.2264,1632.2902129895233
5.9355054,1978.8785,2026.7316600637366
2.2406988,1965.9531,1866.4125405677803
4.141072,1918.0536,1979.3294682455107
1.4494442,1850.608,1763.872690209952
2.4392157,1926.6398,1886.6006613413042
4.8917065,2051.2664,2001.2264296274732
5.866049,1954.932,2025.270360981342
0.123499475,1729.8635,1607.9078620272387
0.8044843,1931.8594,1673.3006930259573
0.2953196,1387.7709,1619.5884593056535
0.6768227,1649.4718,1657.588611665566
0.91475147,1615.9973,1687.7635292669047
0.16149947,1815.5948,1610.1670048903175
2.2822726,1794.9899,1870.8531675670843
1.789605,1785.6135,1811.491766291336
1.5914903,1699.506,1784.1804698363208
2.170015,1852.2993,1858.607238554667
1.4784514,1473.283,1768.0525175498556
0.5219613,1862.7843,1640.365409718515
0.52301806,1456.1843,1640.475241508854
3.8706095,2035.7426,1970.3615933045467
0.3594883,1560.7244,1624.8833975394514
3.3264782,1911.465,1948.2042856564951
1.9136857,1631.139,1827.7353589502338
3.7128246,1804.5209,1964.6381119068226
2.4265816,1661.441,1885.3925694507057
0.17449898,1710.2999,1610.9828767854829
2.532505,1857.8635,1895.2002410157431
2.8348904,1997.5485,1919.333582875212
3.890485,1958.7397,1971.053020432718
5.0400515,2028.7341,2005.2249646743096
5.963985,1993.4174,2027.3178924933293
4.805549,2040.5802,1998.8589390912725
2.5093927,1820.8545,1893.1221352410878
0.17599593,1506.3284,1611.0782265413281
1.8924887,1758.6146,1825.0151906057865
2.0229807,1931.62,1841.3711525193892
0.039999697,1557.6475,1603.613100025945
0.84959364,1584.6378,1679.1281716789786
7.861789,2007.3441,2033.9929446523606
6.9626436,2048.2695,2041.0008635138188
2.776366,1981.5804,1915.089330207383
5.899545,1865.1644,2025.9805698510665
1.770073,1911.0205,1808.868100750924
6.8281984,2035.8434,2040.1732077874717
8.13492,2063.3928,2026.8816196808727
2.7110803,1933.4532,1910.1202011667087
2.0576148,1744.8729,1845.5492666902448
5.204243,2053.2734,2009.5300872781588
0.2589659,1577.6763,1616.8080663477012
0.24749129,1601.7717,1615.9641697680242
5.2953067,1769.0153,2011.8588728769482
5.780982,2053.5518,2023.422880111067
0.205982,1452.7537,1613.0486664692419
9.120793,2054.8416,1984.6469519528512
4.539347,1994.2816,1991.3322271142208
1.8036212,1632.8063,1813.3639198818098
4.040539,1990.7726,1976.0973995232168
1.5071082,1923.248,1772.1677601015012
1.2754618,1802.55,1738.6536084132358
3.8558524,2039.9409,1969.844300065765
2.5305965,1770.5498,1895.0299412176769
0.7039508,1905.2969,1660.8227602367008
1.0587806,1463.9152,1707.5991848763217
3.1594682,1580.4971,1939.610435110389
0.9526485,1645.7076,1692.891959676493
4.5007195,2027.4851,1990.2116253297418
0.770452,1825.7064,1668.9941900949284
0.8367436,1630.1482,1677.4548651921077
4.861001,1986.8123,2000.3864497392387
4.2170057,2002.162,1981.7065392943928
1.9355881,1692.474,1830.5209687161655
0.2084837,1537.9478,1613.2182347812072
0.44290772,1524.8756,1632.4753201359754
5.6650147,1921.7238,2020.809808581721
5.938647,2008.9122,2026.796705601905
0.9962544,1823.1754,1698.8779910881717
0.16849452,1592.2482,1610.603316583301
0.24298795,1668.0643,1615.6374351925888
1.102325,1647.1542,1713.7536016835595
2.1586945,1819.662,1857.3276321782228
4.5695987,2022.2063,1992.204491765936
0.4474639,1785.0052,1632.9121508064914
5.514786,2032.6028,2017.2782701999156
0.09799943,1598.8997,1606.4980011385164
1.2720065,1795.6444,1738.1526300501725
4.177918,1993.5283,1980.4892488362286
0.0,1544.1255,1601.887032762679
3.0176682,1723.5704,1931.3900581784437
0.119374424,1299.6632,1607.6739843943126
6.310957,2000.8973,2033.7628927414812
3.8987355,1997.7507,1971.3383009201132
1.4428182,1904.3044,1762.916168428878
5.838083,2033.6837,2024.6698070533512
1.2484881,1765.5922,1734.7451702701153
0.87971455,1551.1885,1683.0897930936367
6.385592,2010.0022,2034.9550095309473
0.555959,1688.472,1643.954381226113
2.1759355,1743.3604,1859.2732347877302
4.6408973,2014.6968,1994.2424940478368
0.0924961,1666.6692,1606.2050060190286
5.8909717,2055.9407,2025.7997514710585
1.392481,1891.3748,1755.6329591154697
0.024499746,1617.8999,1602.9185632515007
2.6630774,1858.6041,1906.3038381365432
0.60867393,1585.7876,1649.7387661028163
3.4395685,1934.4171,1953.4528817042178
1.3776786,1653.3105,1753.4869468673858
0.96069473,1623.1782,1693.9899525065723
0.0,1454.9369,1601.887032762679
4.9664006,2033.483,2003.2522222988146
1.1329087,1873.3104,1718.1091058515183
1.8480147,1951.2426,1819.232805830906
6.403494,2040.5215,2035.2292428736548
5.4331293,2050.337,2015.295826418274
1.1409824,1999.8219,1719.2628760485566
3.2195535,2025.0559,1942.8282746771356
0.82503223,1590.3483,1675.938913376244
2.2091272,1932.6649,1862.9657192934308
6.4089932,2000.9604,2035.3125450735326
5.7003694,1979.2301,2021.6174486238917
0.20649694,1661.511,1613.0835048820984
0.30944112,1488.35,1620.7117376614144
1.9207703,1895.4675,1828.6392153834634
1.2779669,1392.7808,1739.0168670633188
1.0838591,1611.6277,1711.1364780572505
0.65896827,1616.4657,1655.4932337219188
2.1304383,1985.6971,1854.0985932139506
3.6011925,1815.2651,1960.292082996691
3.8043284,1972.1747,1968.010593219987
2.884549,1962.1069,1922.7843467422829
0.024499746,1619.7172,1602.9185632515007
1.2388432,1920.3798,1733.3492404552298
0.48747122,1610.9368,1636.8429868711844
1.9044976,1701.0597,1826.5591680890548
0.0574997,1416.4718,1604.436139681458
0.0,1417.627,1601.887032762679
0.7854276,1611.7782,1670.879306087918
0.36046848,1709.2847,1624.9680269366086
5.570404,1961.2944,2018.6038646329587
3.0123732,1950.875,1931.0648868872424
3.5303178,1992.4938,1957.3800291428
0.3563341,1478.4172,1624.6118165776722
0.19099338,1604.8156,1612.0493792132604
2.2913935,1764.5184,1871.8123898843141
0.8628995,1633.78,1680.8715370837026
2.0528467,1913.4348,1844.9782872478957
0.76678395,1665.9457,1668.534890342589
0.0,1595.4696,1601.887032762679
0.55137354,1700.7498,1643.4637000431594
3.7520776,2040.4723,1966.1040821739691
0.6893125,1784.2471,1659.0701721684502
3.6172874,1908.8357,1960.9360340084422
3.4588075,1939.3789,1954.3053565687933
0.974328,1665.061,1695.85727336202
1.0902587,1626.8595,1712.0423262789445
7.3080463,2043.618,2041.0971624192882
4.5221524,1851.6282,1990.8343659685831
4.1950197,2050.277,1981.0234396165085
0.3024636,1750.4302,1620.1537225400152
3.5899026,1962.1635,1959.8366619904707
4.1745114,1932.6917,1980.382534902456
3.2750008,1910.6471,1945.6696528938678
6.000703,1974.05,2028.0621201200886
3.5841258,1769.4069,1959.6024275658706
1.4548439,1884.8507,1764.6517340012874
8.112894,2051.6296,2027.5428950725186
0.069498375,1511.5554,1605.0241864911538
0.71783084,1835.6461,1662.5003563081432
2.8169422,1883.1792,1918.0526600093226
1.0238127,1909.6243,1702.7033230805644
2.467835,1988.5173,1889.298818289134
4.0390396,2027.46,1976.0483794562078
1.5690455,1732.559,1781.002629867998
0.74165624,1578.6537,1665.4148745510768
2.3602858,1872.9668,1878.8822635432307
0.8499289,1893.9683,1679.1719657399176
1.6271832,1795.1232,1789.2039851781599
0.3960904,1440.0411,1628.118376730875
1.9086893,1780.228,1827.0963113099003
4.6701365,2014.3196,1995.0712914018006
3.269214,1922.5096,1945.3786242672888
0.7401254,1429.4409,1665.2263094230836
0.17098558,1617.4309,1610.760220168466
1.1812001,1696.5652,1725.0316005734758
6.138998,1789.8151,2030.740296332855
1.7879102,1987.764,1811.264785074226
0.7013939,1684.7917,1660.5153897169948
0.240491,1548.8425,1615.457359490084
3.5850058,1968.2991,1959.6381624211867
6.6014285,1998.5542,2037.9306179511204
0.032499854,1712.649,1603.272991852123
1.6403838,1884.9911,1791.0518060203697
5.723597,2052.935,2022.1428947783884
2.1238344,1960.4343,1853.336735396275
4.808483,1861.9115,1998.9401011240834
1.3927482,1868.7604,1755.6716830290197
0.8837808,1731.5051,1683.6286865180368
6.845724,2037.9604,2040.3036421038726
0.83124423,1746.4335,1676.7419199875048
0.95813644,1652.2477,1693.64051331836
1.7983484,1543.6992,1812.6606825726483
6.0502095,2033.7765,2029.0441432858283
1.8423651,1964.9517,1818.491182265475
3.2001736,1922.4691,1941.8065991550184
2.092716,1904.918,1849.7105091206517
0.11449665,1449.4976,1607.4003175308712
0.047998965,1564.2334,1603.984205287446
3.6479924,1940.4572,1962.1477651201292
3.6454127,2001.2598,1962.0467879314472
2.0251393,1811.5272,1841.6336238058154
5.5566077,2051.0513,2018.2769741747052
0.7519451,1748.995,1666.6867790737647
1.3044479,1520.6144,1742.858785568592
3.3420196,1870.5387,1948.950888538563
0.50099707,1884.4944,1638.2098652043294
0.53030884,1557.4122,1641.2360347138226
1.561795,1871.9333,1779.9731771820238
3.0719264,1697.3099,1934.6445244419965
0.4964764,1814.0194,1637.750922040886
0.3814922,1556.2843,1626.809839853121
3.3498838,1922.3741,1949.3254904567666
0.11599812,1427.6947,1607.484223638461
1.6927438,1920.0682,1798.3223866268447
0.012499966,1638.3839,1602.4031629753729
4.3019457,1952.2467,1984.3096330745254
0.21247558,1380.7175,1613.4904510114009
5.150289,1951.1365,2008.130015161768
3.0294774,1903.3046,1932.1103624037796
0.2069944,1683.7881,1613.1171926149918
0.5039105,1533.9681,1638.5067503806245
1.5952603,1745.6577,1784.712862794891
6.4849997,2060.891,2036.4173286853445
6.4531903,1999.3475,2035.9656982571742
1.5135795,1746.3892,1773.0948700129948
2.239657,1801.6013,1866.2998260179377
0.460913,1642.8762,1634.214620857479
1.0344658,1829.168,1704.190104993665
3.8174915,2002.3925,1968.4832672119837
3.8724704,2018.0042,1970.4265850248075
6.767976,1962.4404,2039.675990770831
3.023858,2008.67,1931.7684489328592
5.388647,2004.0853,2014.1986191539597
4.4636083,1954.9557,1989.1275076036216
3.4216266,1926.8436,1952.647732716359
0.6685257,1647.8306,1656.611551885947
2.827753,1971.82,1918.8263725935822
7.7884355,2047.5022,2035.4931781225332
0.49395192,1791.3079,1637.4955492512654
1.3322551,1642.9766,1746.8952485694956
0.41144025,1730.0775,1629.5201493121344
3.9715788,1955.5012,1973.8153811274394
0.1794997,1767.5999,1611.3025290514252
6.556695,1925.8165,2037.375984956921
2.7682047,2012.0569,1914.4818427473592
0.035499755,1390.4429,1603.4081235148926
1.9168565,1411.4484,1828.1402218864664
2.7280385,1856.097,1911.4352035441682
5.6115146,1988.52,2019.5701886967186
1.917621,1862.7192,1828.237756787415
5.807528,2029.1332,2024.005969694545
1.3434584,1977.6727,1748.5215505331275
0.6084236,1754.2295,1649.7106875215222
1.889186,1861.014,1824.5892473709814
4.3686256,2017.6483,1986.3168068926288
5.489153,2023.2568,2016.6604989891023
0.5382454,1759.4714,1642.0702245822454
1.3779025,1898.0834,1753.51941772656
0.4996943,1342.5864,1638.077391342696
7.754764,2062.3445,2036.123397796304
5.75095,2037.7919,2022.7562817561798
1.571824,1509.304,1781.396766023642
0.51242673,1640.9827,1639.3795389195548
0.9939431,1782.5627,1698.5585872131057
4.1326447,1911.075,1979.0624423085007
5.795039,2042.8231,2023.732371890667
6.6900973,1911.1166,2038.9249822260158
0.46987244,1704.8807,1635.092997834657
3.4814854,1745.837,1955.296136647926
6.8197284,2023.0012,2040.107833734498
0.19946961,1607.0442,1612.6109742262538
3.2824254,1957.2059,1946.0412124941215
1.7573022,1806.7655,1807.1435823550448
2.2178748,1724.717,1863.9271506040322
0.32681614,1529.7677,1622.126545948351
5.351113,1957.2181,2013.263722564808
0.0,1522.1931,1601.887032762679
3.182411,1895.4648,1940.8567429967277
0.13499731,1562.2161,1608.5715373708235
0.0,1420.7385,1601.887032762679
0.3093771,1384.7421,1620.706591238915
6.936104,2050.1426,2040.8697039723281
4.517732,1958.0345,1990.7061275508547
0.06549934,1514.18,1604.8260558394834
3.9849043,1994.0079,1974.2608748736723
5.1998677,1953.588,2009.4171016378473
1.556263,1411.3568,1779.1868139910666
2.1857302,1969.4036,1860.370161567113
4.563263,1983.4835,1992.0221918446914
0.15999408,1578.0156,1610.0739344491426
7.676521,2052.3718,2037.4464242626336
1.9502485,1892.7539,1832.3709959107684
3.3464453,2005.7131,1949.1619632073064
1.4077255,1876.763,1757.8413390507808
4.1863513,1978.6199,1980.7529892669984
0.48394683,1836.9111,1636.4899344918224
6.4319577,2031.5175,2035.6555799597165
4.155913,1979.9077,1979.7980991825325
4.7924123,1994.7427,1998.495076966209
7.070615,2046.726,2041.3614412858635
1.8005202,1560.6216,1812.9504920522882
7.42445,2056.0916,2040.390339222296
3.4679887,1952.911,1954.7082865415562
3.2875755,1928.5546,1946.2977420042037
0.15599684,1437.3105,1609.8282303086673
0.48564047,1693.1287,1636.659431930221
0.7193621,1584.4832,1662.6863575402335
1.6432884,1785.9689,1791.4576254092444
7.027094,2035.5927,2041.2502066824925
3.1874304,1989.9056,1941.1264740528616
0.78688097,1795.7501,1671.0630939642258
7.9021516,2055.6492,2033.0929829320748
5.2468247,1972.497,2010.6245105090886
0.18095957,1637.9021,1611.3964516086373
0.7133294,1702.0889,1661.9546308334677
5.7805715,2015.425,2023.4138177958991
6.5086246,2039.0004,2036.7424480424625
3.3220675,1931.1204,1947.9908539745697
0.35747498,1582.5885,1624.7099148751686
1.0574236,1600.8887,1707.4083757590736
0.9443435,1718.0607,1691.7619223493707
0.5277705,1435.0089,1640.970556755309
6.912119,2008.0212,2040.7372556203125
0.030999754,1494.8911,1603.2058746472233
6.844556,2053.6377,2040.295153268916
2.6405325,1987.5789,1904.4628505273013
2.9664528,1895.9402,1928.1866541411823
2.3928237,1989.2526,1882.1134403548133
3.5418792,1844.8795,1957.8638800216959
0.52679425,1485.1119,1640.8686244868227
2.1569324,1897.5574,1857.1277277645484
7.1670136,2046.3076,2041.436503714191
0.7044624,1784.8436,1660.8843234568053
2.158746,1794.2375,1857.3334717438527
0.7771071,1630.5009,1669.829971754708
0.82937104,1720.1602,1676.4995173352754
1.2355725,1800.5417,1732.8760902229749
4.568605,2030.826,1992.1759128147269
2.486428,1894.4496,1891.0231982902449
0.0,1691.7565,1601.887032762679
3.6276872,1939.8794,1961.3488778198548
7.686726,2043.8374,2037.2850399574495
0.3897575,1518.3788,1627.5477540981624
1.8740747,1901.5327,1822.633207055485
0.92886853,1844.2863,1689.6653982169944
2.638506,1912.6649,1904.2958316767144
0.0,1548.2183,1601.887032762679
0.045999747,1499.3237,1603.8906499039904
5.949684,2023.9456,2027.0244824758688
7.7651315,2038.9475,2035.933264437985
0.46347365,1547.2953,1634.4647956795702
0.62693393,1826.089,1651.8021718596265
1.5780383,1814.5679,1782.2775299219154
0.8416655,1587.0841,1678.094567355347
1.7026477,1705.6064,1799.6863840603648
0.28846854,1477.1543,1619.0521649270936
0.9451068,1748.0084,1691.8656419018084
1.9551576,1825.1249,1832.9878476350077
1.5301898,1595.3058,1775.47049154678
0.9639661,1592.6537,1694.437240336219
1.1323149,1709.7258,1718.0243111904197
1.2735412,1603.8168,1738.375133930472
2.4034503,1820.1064,1883.1537074697706
1.6150823,1500.3523,1787.5052133587872
0.6684777,1640.1418,1656.6059161337305
0.17699568,1594.4298,1611.1420671477492
0.4911796,1357.6962,1637.215863280091
0.065999664,1574.5007,1604.85072715692
4.398377,1903.55,1987.2030329133736
5.3718653,2052.0532,2013.7816313649637
4.969167,1992.3918,2003.326768731318
2.182421,1787.8623,1860.000239137068
6.7614236,2066.7776,2039.6174128395671
2.7663765,1944.3469,1914.345229215675
1.641315,1915.0397,1791.1819401637283
8.247832,2055.9385,2023.2580024801553
0.43396708,1505.4006,1631.6246610901171
1.141933,1922.1228,1719.398823190916
0.76463646,1855.6132,1668.26643895791
0.5638864,1571.6404,1644.807469087878
3.1796322,1858.2808,1940.7069667523488
4.051269,1974.542,1976.4474584717027
0.13849875,1716.9734,1608.777083826515
4.611461,2023.8042,1993.4040521576624
2.5562074,2014.8179,1897.2958349005382
3.7175677,1735.1552,1964.8168633277883
0.13245961,1392.3102,1608.4235676098524
2.684332,1523.1364,1908.0108999362606
0.2341832,1516.7035,1615.0059157638996
0.352488,1712.3065,1624.2822233852448
2.9855602,2002.9286,1929.3970778773723
3.1219373,1955.2847,1937.5231173521154
3.1744854,1981.9539,1940.4287054411177
2.0393016,1836.8157,1843.3488782239313
2.6884258,1829.6012,1908.3365314718465
6.768744,2044.0593,2039.6827999885047
5.56109,1941.1962,2018.3833194815056
6.0912066,1992.903,2029.8380049551295
1.434388,1873.3008,1761.6983611010976
6.474499,2039.8508,2036.269982244568
0.12949905,1703.3293,1608.25200680406
2.655948,1859.1003,1905.7250458592487
4.134257,1920.0842,1979.1135815352184
3.6675415,1950.2039,1962.9081723473832
1.7476871,1815.7305,1805.8405819763461
0.34613767,1411.9874,1623.741795982755
4.67612,2027.7721,1995.2404077795163
1.4451795,1903.2512,1763.2571111102243
2.4891374,1833.6278,1891.2726071124957
0.36799642,1626.2642,1625.621690895619
1.4989865,1873.336,1771.003017631143
3.8144515,2024.9817,1968.3743664094966
0.45938945,1486.4404,1634.0661016719316
3.0057027,1891.3716,1930.6532909355403
4.884891,2026.9937,2001.040345623363
6.632304,2029.6049,2038.2930577805623
0.30892026,1675.9221,1620.6698811533847
2.156507,1930.7762,1857.0794382697354
5.232451,2053.1118,2010.2561410765647
1.9132766,1830.1678,1827.6830841583119
6.071905,1745.2448,2029.4664866219775
4.0229836,2054.18,1975.5218451222352
6.6882405,2042.3162,2038.9056457018662
3.1276252,1910.9896,1937.8434025260835
2.1879878,1938.3945,1860.622130414433
6.0201797,1914.56,2028.4514500789521
2.0536945,1841.9413,1845.0799104546618
6.6359367,2041.9604,2038.3345814871184
3.830248,2013.0143,1968.938544613036
0.35546082,1578.9456,1624.5368297795844
2.2710984,1779.432,1869.6706307001984
0.47774717,1594.7408,1635.872033992737
2.4155881,2013.6516,1884.3328760656323
7.0636797,2040.9929,2041.3468694560565
0.687214,1601.3257,1658.8203495069474
0.0,1555.3799,1601.887032762679
2.5934668,1882.062,1900.5177751745748
1.1425239,1799.6924,1719.4833395695332
1.8042248,1705.8556,1813.4443407452718
2.4898927,1912.2754,1891.3420501656037
7.9476123,2051.5496,2032.016178393049
0.5789571,1835.1339,1646.4458372165147
4.7817473,2031.565,1998.1991142512752
0.0,1457.8302,1601.887032762679
4.325593,2038.0304,1985.0248953565822
4.249587,2013.6628,1982.7115783774605
1.9256325,1699.5114,1829.25798368295
4.29614,2035.2144,1984.133426556572
1.1313808,1885.556,1717.8909392180208
5.907549,2051.4802,2026.1487777617308
1.5775509,1866.8125,1782.2084875824164
0.51628363,1388.5221,1639.7772363683846
2.3777308,1828.8932,1880.6232558934412
0.0,1436.6165,1601.887032762679
1.6132439,1552.3862,1787.2467331699254
7.5641904,2036.3087,2039.003513800791
2.838979,1521.086,1919.622849299158
5.745176,2036.2212,2022.6272917597212
6.99541,2053.7712,2041.1400420345005
1.6454741,1795.0048,1791.7628174815197
0.6555459,1661.7543,1655.0946662613892
4.198787,2047.2621,1981.1407772153632
1.1702197,1812.455,1723.4533158391905
8.161309,2058.1243,2026.0695584270675
5.2913766,2014.5991,2011.7592857232212
0.6328715,1606.6536,1652.4795411926239
3.1749337,1973.7667,1940.4529867905346
6.367647,2042.678,2034.6754899872853
3.9346611,1944.0233,1972.5690768965496
4.4537864,1996.2579,1988.8393103004803
1.5123638,1640.6637,1772.920768460023
1.8222374,1644.328,1815.8364369788435
0.58240473,1433.4153,1646.8236582095722
0.29898676,1494.8794,1619.8778520778746
2.0819006,1937.47,1848.4362958857594
3.8142493,1992.1161,1968.3671175108907
0.26199156,1558.9049,1617.0332988017715
0.72190565,1844.2771,1662.995724455612
6.1730986,1997.2365,2031.3682806298434
1.063243,1524.6575,1708.2270891729354
1.4583105,1944.4198,1765.1516569968906
0.863988,1933.7838,1681.0146276242472
0.0,1623.7618,1601.887032762679
1.3939126,1860.1433,1755.840427171055
2.4910727,1648.8102,1891.4504666805933
3.9039438,1935.5165,1971.517875746704
1.3744197,1815.4834,1753.0142960251744
3.869021,2004.731,1970.3060729290657
0.94378835,1653.612,1691.6865048616621
0.09799943,1528.4926,1606.4980011385164
5.671519,2054.0635,2020.959093716785
6.629994,2062.5762,2038.2665296121456
2.7738976,1907.1914,1914.9060026909037
3.9702249,1956.4644,1973.7699913007584
4.5568447,1966.2792,1991.8373105895819
3.0425823,1893.4652,1932.9018300878345
0.17749101,1582.2273,1611.1737448240528
0.0,1412.5338,1601.887032762679
3.8694735,2033.5592,1970.3218924247826
0.007999991,1485.359,1602.21491422697
1.513655,1797.7572,1773.105681428707
0.94258565,1523.471,1691.523169401594
1.4275142,1680.0613,1760.704739741294
4.327638,1912.7662,1985.086569178837
3.9845746,1950.525,1974.2498795257545
3.541411,1840.4757,1957.844354412324
1.1493739,1675.5887,1720.4636800180538
0.64240855,1633.3495,1653.5740408911781
0.1449995,1639.7347,1609.1629438926414
0.24199149,1646.9055,1615.565479102572
7.247365,1997.1287,2041.3106712600352
6.2055917,2054.319,2031.9539450857346
1.0344793,1504.5891,1704.191991821455
3.9433327,1851.6277,1972.863457656684
1.700075,1728.9368,1799.3324229472864
3.3456757,1928.3947,1949.1253071806893
0.18249543,1609.4946,1611.4955582788032
0.09299949,1531.7118,1606.2316394058184
2.8504825,1970.7993,1920.4317202763903
6.160676,2031.0549,2031.1410706668798
0.916667,1645.848,1688.0209799360912
1.1741073,1567.4404,1724.0118435046572
2.24251,1784.4734,1866.6083313764336
1.6088452,1785.0352,1786.6278544745974
6.9488444,2040.3737,2040.93470366147
7.2603936,2037.9442,2041.2735606661945
6.3795924,2041.9209,2034.862068711761
2.6212795,1938.6198,1902.8657711664464
1.7587993,1800.3423,1807.3461090927647
3.9426677,1993.8132,1972.840918638945
1.2561344,1646.9326,1735.852489002507
0.0,1513.1033,1601.887032762679
0.06349891,1611.7397,1604.7277479485506
1.7916462,1685.018,1811.7649678208854
0.076308884,1280.2587,1605.3665280533696
1.1343943,1765.375,1718.321287349757
3.0472984,1850.0308,1933.1846502839314
2.902147,1975.7062,1923.9749745277065
0.08249935,1438.1871,1605.6830692273315
0.15949097,1584.911,1610.0428951814704
1.9007549,1561.3737,1826.0787804373294
0.56675774,1565.0715,1645.1179507145482
4.2141953,1976.2571,1981.619445319903
5.7184315,2041.561,2022.0264022880149
2.6770952,1868.9264,1907.4327728620788
5.959449,2063.6853,2027.2250410963306
0.6254202,1644.7047,1651.629982703167
2.8965857,1966.7411,1923.6005116392046
2.249662,1826.1882,1867.379392656148
2.1492798,1920.4785,1856.2573014046404
3.3259678,1824.0172,1948.179622784979
0.56595737,1544.8987,1645.0313263768305
3.620211,1952.9857,1961.0523481402872
0.9809605,1572.5896,1696.7687757705082
5.0980735,2049.0825,2006.7612840963486
0.9143528,1675.7792,1687.7099717556798
1.1134009,1859.3538,1715.3280695180906
2.016731,1850.0308,1840.6096962236181
0.008499989,1565.5869,1602.235695176672
1.6404923,1981.72,1791.0669702505127
0.27999133,1461.8131,1618.3964602363283
0.028999753,1450.5017,1603.1168634109986
0.088497475,1421.7448,1605.994641458323
0.020999925,1766.6443,1602.76623013562
0.7119541,1635.9338,1661.7882155699858
4.0147843,1944.2747,1975.2518037987497
0.23448925,1489.4843,1615.0277047620862
5.2044644,2017.5901,2009.53580199088
2.7451768,1946.1532,1912.746784175804
7.4969435,2044.1163,2039.7458150725286
4.5222526,2006.4371,1990.8372716472888
1.302894,1734.0725,1742.6332647090471
0.82723016,1493.482,1676.2227494691533
2.0248513,1899.205,1841.5986207007886
0.5052542,1515.821,1638.643968977748
2.721492,1968.4789,1910.9295996428887
0.592254,1790.8118,1647.9091563300249
2.4534779,1800.0061,1887.9519300744726
0.69205654,1890.2223,1659.3973866639624
2.9703188,1851.8004,1928.4330479591279
2.4293113,1835.7299,1885.6544695996347
3.7720358,2009.1256,1966.8381611629704
0.600791,1599.573,1648.857311589088
6.9077916,2043.6437,2040.7119708671396
0.10499879,1664.0325,1606.8764396801243
1.6705179,1434.3083,1795.2480462774477
2.8237484,1754.5043,1918.5405377602822
4.6311436,2027.1165,1993.965131796143
1.9639808,1733.4454,1834.0931681532834
0.64494514,1870.3802,1653.8664845270275
0.652029,1703.8702,1654.6861334827286
1.1972529,1611.1406,1727.3428919285493
0.9156688,1544.6964,1687.8867958225271
5.914407,2051.587,2026.2924350638284
6.4333615,2007.7251,2035.6762941128936
0.09999777,1583.2938,1606.605385279011
0.5324334,1747.6425,1641.458729366959
4.6260743,1988.7612,1993.8208005867464
3.114927,1962.8214,1937.12639902359
0.6249137,1586.1873,1651.5724130558606
1.6542506,1885.4403,1792.9866681418005
0.0,1441.9525,1601.887032762679
2.3550167,1707.7406,1878.3524962398762
4.2333965,1955.5221,1982.2132067277275
1.7854552,1760.7113,1810.93576227336
0.48048133,1361.369,1636.1440437454974
4.752095,2052.176,1997.3735834947
0.9882273,1720.4962,1697.7696902536613
1.0748194,1637.8644,1709.859092649297
0.08449836,1515.5192,1605.7863760169835
5.1266465,2055.257,2007.5119229798836
1.1774564,1807.6554,1724.493238085631
4.0608864,1873.7603,1976.760133299408
0.8716172,1756.5856,1682.0195114677801
0.30494693,1457.2551,1620.3516528805962
3.921232,2016.059,1972.1111461733476
0.44261646,1859.024,1632.4474714489668
0.7646189,1484.4674,1668.26424520691
5.7615786,2008.7714,2022.9930277000126
0.093494475,1692.7008,1606.2578608855354
0.0,1535.0977,1601.887032762679
5.9274797,1967.5233,2026.565070493068
1.0802635,1622.5448,1710.6280820326126
1.5567786,1967.7942,1779.260138284831
1.1850601,1532.4758,1725.5869556125067
3.248329,1972.2382,1944.3177091723246
1.9207201,1903.7917,1828.6328202722245
0.9337381,1786.8983,1690.3238199028403
2.6862519,1710.054,1908.163740516869
2.928368,1939.9733,1925.7183847053468
0.64701414,1619.5773,1654.105433120752
3.304754,1941.8583,1947.1463644807934
1.2174624,1670.2721,1730.2585473249192
7.9126706,2059.8765,2032.8497688933587
2.3511076,1651.4891,1877.9582924082545
1.7417905,1367.9437,1805.0395697251606
0.6514694,1729.608,1654.6212266903474
0.21648619,1625.9685,1613.76597367141
0.4559912,1606.7058,1633.7357247624334
1.8664606,1794.3346,1821.6432117571537
1.4838705,1819.8365,1768.8318755205853
0.5729439,1831.2242,1645.7895421216213
8.657072,2047.109,2007.133489674741
0.6943142,1665.1016,1659.6670610420745
4.013312,2014.7384,1975.2032299432701
0.06149937,1620.2661,1604.6300190967706
1.4003861,1806.5126,1756.7783677754871
0.47377703,1489.9559,1635.4784578407175
0.18249063,1343.0363,1611.4952480709164
0.0,1425.0168,1601.887032762679
2.287873,1960.7614,1871.442789300041
0.20157716,1523.1917,1612.7520310691318
0.28389424,1466.8032,1618.697261280154
7.849928,2052.3542,2034.2473621770384
0.26049748,1811.7444,1616.9219372691257
5.376034,1998.6204,2013.8853678239354
0.3189924,1646.0848,1621.4850295474414
1.8207632,1830.1833,1815.6412346504337
0.41644585,1617.4358,1629.9829473041543
5.8382745,1984.0522,2024.6739424809748
0.41845995,1577.8684,1630.1699462146732
0.3779676,1746.1145,1626.4975305262221
7.3872857,1975.9794,2040.6593354343418
1.1802026,1677.2518,1724.888129863056
3.6916137,1858.0658,1963.833139387587
5.714519,2033.8245,2021.9380300541045
5.986768,2006.9937,2027.7812363303622
7.129626,2056.5476,2041.4360039297342
1.9127147,1817.8438,1827.611270097414
8.587636,2049.6492,2010.1667770460554
5.1564093,1964.3099,2008.2895692120474
0.59444106,1838.4875,1648.1514191065748
5.030137,2060.2712,2004.9608612003403
0.8928197,1652.7002,1684.8299666147868
1.7698644,1945.2692,1808.8399891502258
2.1096232,1862.8846,1851.6881009750857
6.070552,2043.6619,2029.4402938950018
1.840782,1806.9703,1818.2830886168858
1.0667988,1774.8489,1708.7279050026766
4.9932294,1876.9646,2003.9737137043385
2.967376,1933.0502,1928.2455619172342
0.4757902,1686.0498,1635.677824664253
2.8463163,2011.6727,1920.1396223915972
0.8548093,1648.2574,1679.81025855303
2.9169931,1834.1934,1924.9665433472503
4.2594404,2023.6869,1983.0138843910822
2.2724617,1919.3848,1869.815339726622
4.9139194,1990.4694,2001.8314766794158
5.979944,2028.2645,2027.6429869083902
1.1068993,1449.196,1714.4034370908303
0.08999953,1616.8046,1606.0734144140506
3.3093321,1851.1661,1947.3707129568484
4.054602,2024.2295,1976.5559341328676
7.3592954,2055.7,2040.8349098929693
6.7980475,2059.565,2039.9336439432743
0.0,1497.6276,1601.887032762679
3.127708,1878.9055,1937.8480544633887
2.9423525,1886.4774,1926.6334284529999
3.2339106,1869.4412,1943.575471457567
2.7183394,1912.6217,1910.685203444224
6.013706,2039.9132,2028.3224686616973
0.18949027,1624.9938,1611.9507472846012
5.4317656,1985.8777,2015.2623662446094
3.0269423,2001.8962,1931.9563027061772
5.9169273,1961.5121,2026.3451199643778
1.7517209,1940.0203,1806.3877041283486
3.0187933,1908.2686,1931.4589755503066
4.844368,2045.7164,1999.9296948026717
1.6847651,1735.233,1797.2208446911345
1.5043479,1669.089,1771.772048247774
1.3127298,1715.6108,1744.0608618292938
0.57124996,1680.1345,1645.605279856485
0.2744775,1731.4749,1617.974670058613
0.23052306,1405.2831,1614.7462431938093
1.5342981,1859.1227,1776.0571256137373
1.5537124,1802.6257,1778.823991162028
1.0198537,1602.4343,1702.1519044246384
0.7738909,1675.5685,1669.425671326452
4.6214004,2051.9785,1993.6876190209532
7.1266036,2051.7373,2041.4343620059797
2.4475033,1885.9316,1887.3874808311436
6.5311637,2056.737,2037.0442386990198
0.6577161,1590.2112,1655.3472907413761
0.36195263,1645.7072,1625.0963808412237
0.47096258,1617.5792,1635.2004543582477
3.34424,2031.5681,1949.0568703457502
2.5772238,1964.3025,1899.1240040533978
8.047102,2051.2842,2029.4275992415055
6.6640444,2000.8083,2038.6477532727235
6.097535,2041.9614,2029.958935723504
3.3994067,1968.5867,1951.636664647267
0.002,1531.2151,1601.9681885119176
7.0674925,2016.2291,2041.3550298357277
0.23046918,1600.2148,1614.7424331490852
0.17649603,1473.9147,1611.110145148604
1.8237091,1849.7784,1816.0312053665825
2.284011,1814.5812,1871.0364083346967
0.42444485,1550.3695,1630.7282560330243
4.827574,2056.9932,1999.4672782478
1.0233659,1840.3461,1702.6410611857034
5.943881,2026.3304,2026.9048665845448
0.793235,1624.2383,1671.8683206404864
2.843008,2016.8827,1919.906986589897
0.12299261,1308.673,1607.8790038688671
0.6113668,1481.0812,1650.0411751968359
0.06473583,1479.7686,1604.7884711892748
2.8908255,1893.1531,1923.2109071043392
4.437062,2052.2734,1988.3473178842328
2.2363944,1738.7517,1865.9463854140063
0.5574605,1674.1241,1644.1154964264053
1.8291755,1890.1167,1816.7537383132137
1.3092407,1792.5974,1743.554416789939
6.7226458,2010.3635,2039.2532530202889
1.0103831,1640.6201,1700.835330438973
7.198099,2049.8398,2041.4086251962397
8.583811,2048.3484,2010.3306781411452
2.3478482,1771.3297,1877.6288415457545
1.2374547,1973.293,1733.1483608818637
2.2048044,1694.232,1862.488799551355
4.35143,2006.497,1985.8020286851904
7.3706403,2057.8538,2040.7665247971381
6.546184,2028.391,2037.2407232481605
0.029999869,1528.8174,1603.1613066654854
0.6746816,1753.4186,1657.335924648595
2.7995868,1624.3029,1916.7967110776501
2.19017,1918.1619,1860.8653757947086
7.9854336,2055.1274,2031.0695072323374
0.395976,1672.6133,1628.1080286829333
0.92886263,1780.3284,1689.6646012030915
0.39400005,1893.653,1627.929526737456
0.0,1379.0316,1601.887032762679
1.9513947,1980.572,1832.5151404058258
6.7050595,2019.329,2039.0784075552535
3.086529,1568.5502,1935.496792611595
1.7479899,1752.5344,1805.8816759076612
0.23149146,1631.5925,1614.8147841868745
0.0804996,1590.9906,1605.5802564397095
1.6279554,1922.9354,1789.312232857414
2.6470635,1926.7096,1904.99938914571
2.479898,1797.8949,1890.420137306676
1.2965894,1983.8745,1741.7183453009743
1.9908682,1893.9246,1837.434550737942
7.568487,2046.9868,2038.95129490712
0.34246436,1672.1453,1623.4313380296599
2.7122009,1857.1044,1910.207627707033
0.89986163,1895.2814,1685.7690188768938
0.44418582,1561.0979,1632.597633574491
0.41645107,1645.7263,1629.983431374443
0.50390315,1706.6831,1638.5060003061492
2.5601811,1719.9243,1897.6436505063184
0.11749761,1472.6758,1607.5683153462546
0.33693457,1533.5216,1622.966956623113
1.1725956,1794.0353,1723.794624199199
6.995063,1954.4155,2041.138701649103
0.4322733,1498.135,1631.4644863286903
6.8111625,2070.0493,2040.0401851015436
1.084228,1765.4646,1711.1886609605515
0.050499618,1534.1752,1604.101982037379
1.8881538,1867.3397,1824.4560105938253
8.2765255,2048.7246,2022.2761363396742
2.9824436,1879.4636,1929.2009012320393
1.9083833,1733.3464,1827.0571304680702
0.4243026,1722.6544,1630.7149402679993
0.8674347,1357.6422,1681.4681847592335
4.5865254,1996.1768,1992.6905558196477
0.10799938,1520.9452,1607.040658097808
3.9348674,1944.2864,1972.5760922319294
6.9756713,2012.187,2041.0592387542438
2.135804,1929.1025,1854.71560908723
6.217914,2014.9443,2032.172717937778
0.81184995,1682.0813,1674.243185031553
6.9519463,2036.1481,2040.9499613854778
1.062704,1835.1318,1708.151210750289
0.66193914,1622.8218,1655.8400282463892
0.06299566,1347.4827,1604.7031008595357
6.6512346,2003.4606,2038.5068204593786
0.76184124,1620.0986,1667.9175164197643
4.0970078,2009.7078,1977.9256291525696
0.35689697,1794.2349,1624.6601959658822
1.4170038,1589.4172,1759.184402899762
7.561711,2051.9028,2039.033383935346
0.0,1474.3922,1601.887032762679
0.30828312,1555.778,1620.6187245205706
5.4760427,2021.2395,2016.342907807245
0.50503665,1523.436,1638.6217402689485
3.776937,1963.8058,1967.0173081663797
6.812888,2027.9861,2040.0539357355146
3.1779728,1792.312,1940.6173723177133
4.0796804,2019.5216,1977.368258073674
0.024499746,1332.2225,1602.9185632515007
0.46529216,1700.651,1634.6428867847378
1.5188264,1648.545,1773.8459288359757
0.48944378,1664.2896,1637.0411496279405
1.368438,1847.106,1752.1465996413508
8.097559,2051.0999,2027.9943537500014
0.0,1384.6737,1601.887032762679
0.49030367,1413.7471,1637.1276602124485
6.623538,2037.0503,2038.1918806996337
2.5497847,1944.5137,1896.7315319553052
0.5024755,1768.6178,1638.3604120194068
3.0909092,1950.6733,1935.7505305460766
0.247,1781.802,1615.9284022957065
3.230463,1941.847,1943.3967892521907
1.2932844,1816.662,1741.2387848525082
0.14052442,1502.3591,1608.896728731309
1.3091856,1713.1277,1743.5464192016248
1.9394,1819.3329,1831.0031304746778
1.5233097,1665.1315,1774.4872188287795
6.3425837,2042.5115,2034.2774849066172
1.1056932,1810.1272,1714.232038679008
0.8978725,1941.068,1685.5034868741718
1.7905155,1846.5125,1811.6136541773765
0.59447527,1809.7666,1648.1552120999304
2.099531,1810.9387,1850.5097507833927
3.6139975,1927.0687,1960.8049064703762
0.36098558,1643.1168,1625.0127184585608
5.399391,2026.7285,2014.4647145864071
2.921422,1953.5923,1925.2600877770137
2.5256612,1828.3954,1894.588469550472
3.4836845,1922.6554,1955.391420188506
1.7646142,1737.8185,1808.1318303300536
5.766561,1925.9813,2023.10369583251
2.5399683,1925.4249,1895.8639669187442
0.41710165,1691.8173,1630.0437857219101
1.0020934,1702.6848,1699.685900697338
0.8983267,1714.2406,1685.564099495471
4.705933,1997.4135,1996.0805917837972
4.9204817,2057.936,2002.0098035141705
0.8128817,1536.2191,1674.375494058479
0.3564685,1499.1252,1624.623365089292
1.5133227,1870.6166,1773.0580959933486
2.5333402,1893.4924,1895.2746943406203
3.8333821,2017.9963,1969.049986025912
0.34785938,1536.303,1623.8878528526923
0.9324482,1746.3779,1690.1492932186172
4.0640025,2050.5903,1976.8612248603893
0.0,1437.986,1601.887032762679
2.257129,1748.3282,1868.1808848428905
1.0606767,1689.0573,1707.8659026655573
0.9562895,1851.9979,1693.3884307431408
0.122995734,1657.3894,1607.8791816292344
1.279084,1704.1893,1739.178867590791
4.2457376,2039.2565,1982.5932735206004
0.37642285,1624.0024,1626.36109924732
0.024999728,1525.6552,1602.9404606519302
7.342366,2046.1465,2040.929959518739
1.1324852,1680.3583,1718.048629151793
1.6850041,1717.4742,1797.2538755183434
5.532159,2036.7291,2017.6945435127814
3.9963243,1927.0986,1974.6408916104588
0.15499684,1559.3809,1609.7670857738265
2.7691903,1797.2769,1914.5554116242852
0.5389786,1805.4231,1642.1476035138621
0.33039317,1448.7399,1622.4222643094345
3.9754655,2048.948,1973.9455531077078
1.0878448,1838.1383,1711.7004980953939
2.286046,1862.0917,1871.250663244678
3.284201,1882.6056,1946.1297671788943
5.4232106,1896.8136,2015.0522002255043
5.406211,2003.3433,2014.6332696247252
0.9707185,1609.7598,1695.3620551063723
3.0837936,1967.7202,1935.3378901688886
2.3535433,1834.9014,1878.2040321698667
4.1086855,1998.7511,1978.2995327434
4.2111745,1953.8297,1981.5257584025715
6.4441924,2002.6272,2035.8351127051794
3.9270203,2029.3556,1972.3088340902216
3.399144,1982.122,1951.6246171171024
1.1786594,1748.081,1724.6662070772973
5.566312,1969.7701,2018.5070431925199
0.29192588,1445.362,1619.3220920705935
4.0957303,2008.3802,1977.88464152727
5.4888673,1966.6185,2016.653589672112
0.14798358,1364.2736,1609.341911905969
3.6977134,1910.1915,1964.0655771559339
7.0610785,2049.8792,2041.3410934560236
4.1838746,2033.8464,1980.6755980810622
0.19894443,1580.0441,1612.5759122411293
0.12749924,1639.4941,1608.1367700971928
0.12949948,1566.3627,1608.2520316386695
0.06899943,1365.4148,1604.9993497198384
0.10749619,1591.5348,1607.013036165748
4.5543633,1986.9991,1991.765777564611
5.0905786,1999.4623,2006.5637330351547
0.26295128,1455.8076,1617.1049767823802
0.48435548,1516.7169,1636.5308043406656
5.9667354,2018.9623,2027.3740961787971
1.2656417,1738.7511,1737.230025788092
2.934387,1909.0422,1926.1134736519687
5.9008384,1991.2432,2026.0077908666008
0.23147467,1652.7828,1614.813594830858
2.5659554,1801.5187,1898.1472806021832
3.8508482,2040.4889,1969.6681062630723
2.8170497,1996.0935,1918.0603861015686
4.9072447,2039.3983,2001.6498983972695
2.4877336,1945.8923,1891.1434422181296
3.1209798,2008.2758,1937.4690601508842
2.630271,1906.3708,1903.6145038448935
4.1736755,1895.2776,1980.3563341191334
7.8484735,2044.4568,2034.2782468190142
6.4900045,2056.1448,2036.4869450887406
2.6401262,1796.8263,1904.4293847280476
1.8758718,1911.2361,1822.8664396687357
0.10899595,1720.1484,1607.0954621183091
2.265369,2009.8438,1869.0611581771607
1.5584738,1632.7941,1779.5011681275282
1.9018106,1879.1863,1826.2143573938051
0.001,1460.6228,1601.927542713585
7.902468,2028.4454,2033.0857195878352
7.4700856,2060.707,2040.0032553105311
7.496941,2057.4058,2039.7458400655335
7.501033,2005.1791,2039.7046740036365
0.0,1599.4626,1601.887032762679
7.556396,2059.5308,2039.0967667406017
5.207909,2016.1155,2009.6246805122355
0.57548505,1887.2313,1646.0664720892419
3.6573143,1942.172,1962.5114137388525
0.076499484,1538.453,1605.3761979197589
1.4772185,1596.7522,1767.8751351000176
0.8412853,1733.1693,1678.0450983469914
1.9205652,1928.0669,1828.6130862999416
0.404941,1750.6206,1628.9234116801717
0.80139685,1726.1779,1672.9067128114616
0.020999838,1586.3804,1602.7662263694506
3.8384225,1893.4081,1969.2288726495237
0.3254525,1729.1987,1622.0142103372625
0.5234291,1731.5938,1640.5179922003579
0.010499979,1472.2596,1602.3191579650509
0.07449946,1463.864,1605.2749704165833
1.5392473,1791.3105,1776.7633196720546
3.4507291,1881.8401,1953.948758391919
1.3654078,1870.7612,1751.7069771066388
3.0879648,2021.278,1935.5800627471708
0.20348682,1668.9463,1612.8803308699114
4.1436057,2019.2201,1979.409619491035
4.501824,2025.1466,1990.2437764147971
2.3350098,1795.8766,1876.3244123345537
3.9879947,2036.0771,1974.3638722143387
2.8407762,1941.7649,1919.7497050501013
4.0625415,1979.7515,1976.813840686084
5.393531,2042.7671,2014.3196651997496
2.5610747,1957.2604,1897.7217283307155
2.289769,1900.766,1871.6419416091983
3.4800172,1695.7397,1955.2324445309707
5.4958825,2031.7026,2016.8230932357346
4.476401,1943.7881,1989.502067943621
3.0517797,1997.4498,1933.4524117174815
6.811125,2018.6604,2040.0398855705178
3.071413,1980.6387,1934.6143810574338
0.17799135,1379.7518,1611.2057749152627
0.024499746,1396.3293,1602.9185632515007
1.6582562,1941.6523,1793.5443591623957
0.8932305,1807.1731,1684.8846716898183
0.011578926,1618.7823,1602.3644093801686
6.2599654,2027.0908,2032.9051440321462
1.3049442,1905.3604,1742.9308161455117
1.6543244,1851.4963,1792.99694815391
6.5713415,2028.4635,2037.56135811823
0.13898934,1431.574,1608.8060110547083
0.91592515,1507.6223,1687.9212509183249
1.7728472,1872.2156,1809.2417794423359
1.1966645,1931.4055,1727.258096739666
2.2098053,1711.5314,1863.0404232323738
1.753578,1903.8014,1806.6393593113316
3.5374973,1937.168,1957.680912744708
1.1617278,1703.3875,1722.234337531638
5.3461146,2057.3933,2013.13860954332
0.091499515,1657.1407,1606.152377836224
3.5919662,1993.8708,1959.9201369618436
1.665482,1819.384,1794.5489805636375
3.2119093,1963.3575,1942.4270937188396
0.3814269,1745.4907,1626.8040408546747
4.5314527,2015.4827,1991.1038411342731
2.4739976,2035.9811,1889.872844051204
0.5098279,1742.1716,1639.1124148670363
1.6146562,1963.0299,1787.4453126714388
7.2232175,2040.745,2041.367004327837
2.6364257,1958.433,1904.1241140390182
1.2573596,1915.3358,1736.0299688650716
0.08349951,1578.6356,1605.7346899985205
6.639946,2043.8314,2038.3801332008366
1.5537487,1596.9783,1778.8291559753372
0.18736026,1378.0369,1611.811473735075
4.6171746,2000.8932,1993.5671164236905
2.4059186,1458.4806,1883.3942791736258
6.64561,2045.574,2038.4439880418224
0.17349711,1518.6504,1610.91922272467
7.418872,2030.6517,2040.4333435598776
3.7898889,1947.8739,1967.4886352580957
2.8890321,1925.912,1923.0892418710998
1.3472426,1743.061,1749.0708327268378
4.29348,1919.0759,1984.0526134011334
6.0691586,1940.8552,2029.4132986520126
0.024499746,1698.2677,1602.9185632515007
2.1318247,1902.3362,1854.258190739218
6.1575437,2043.8273,2031.0834968172053
2.1850333,1753.6324,1860.2923156934266
0.3194533,1487.9908,1621.5226200525383
3.6012933,1976.6564,1960.2961352334323
3.3653793,1943.6664,1950.057425719416
7.920928,2056.7483,2032.6563369342252
1.7444341,2010.77,1805.3988643429548
0.18347654,1384.4854,1611.5590261345735
1.3077464,1784.2119,1743.3375264765734
0.2763114,1801.7596,1618.1145453614347
6.0183196,1968.2734,2028.4144331561242
0.5273405,1539.2944,1640.9256478519872
3.3122325,1830.7863,1947.5124557540453
1.5519016,1817.7568,1778.566306594038
0.92302066,1565.0886,1688.8763058056736
2.041684,1804.0706,1843.636258258413
0.5272588,1427.1606,1640.9171172459314
0.0,1353.2742,1601.887032762679
1.7718006,2012.6742,1809.100844371416
2.4105294,1310.4773,1883.8426015980758
1.2887727,1781.9812,1740.5842060375267
4.2883863,1913.5575,1983.897719959276
0.10449718,1511.013,1606.849103269971
2.2826405,1952.5413,1870.8919634631438
3.5012295,1767.8281,1956.1466919601912
1.7367309,1858.4435,1804.3511041643762
2.6303144,1908.0723,1903.6181056105027
6.2485795,2033.3912,2032.7090237851583
1.0773878,1877.471,1710.2217668847568
0.39447153,1570.75,1627.9720790056408
1.8824717,1967.2582,1823.721579218885
1.4506809,1567.6794,1764.0511520545786
3.3389528,2024.6461,1948.8042269280863
0.56486326,1312.1271,1644.9130096014233
0.40087336,1551.1677,1628.5523355771159
6.975872,1792.5494,2041.0601068290966
5.965582,2013.5321,2027.350535663008
1.4050865,1830.8473,1757.4591856512104
3.2427564,1913.7175,1944.0317998713558
7.033251,2045.0533,2041.268784207813
5.824242,2026.1327,2024.3700796960065
0.96956855,1798.7854,1695.2044084738568
7.078031,2045.7416,2041.3756857837525
1.7703421,1814.292,1808.904362711292
5.7450724,2046.4586,2022.6249749414278
0.5757955,1645.6853,1646.1003462902354
0.08549913,1419.7108,1605.8382945017872
7.411231,2051.6765,2040.490740220828
0.53891474,1702.4163,1642.1408618834337
1.2897764,1729.2404,1740.7298195525468
7.21414,2040.6298,2041.384031666406
3.064345,1986.9717,1934.19814961596
5.786402,1997.1863,2023.5424042285538
1.7266489,1895.1084,1802.9760989734164
0.7755896,1777.5118,1669.6391192024932
3.577392,1897.162,1959.3283469051091
4.5548406,1924.1044,1991.779539429595
0.035999756,1491.0396,1603.430764245684
1.185142,1774.412,1725.5987418182415
5.9477067,2047.4557,2026.983760798189
1.5689644,1944.3541,1780.9911225907588
0.79146606,1854.5283,1671.6438682656717
0.2879509,1546.5371,1619.0118755988753
0.6912882,1711.001,1659.3057038246282
0.43429393,1697.5336,1631.655606166731
0.5384135,1622.3202,1642.0879604858696
2.395546,1934.4246,1882.3806375719194
2.366273,1905.6458,1879.4820247813748
1.8608536,1682.4362,1820.91231468839
1.1627688,1873.9678,1722.383689965395
5.670285,1976.5652,2020.930795343644
2.3047256,1732.4463,1873.204744779566
0.74449676,1380.6434,1665.765229120383
0.0,1360.4698,1601.887032762679
0.5449239,1713.4644,1642.7769991885523
5.366768,2043.9883,2013.6546498881794
0.5127886,1595.293,1639.4167885157292
3.5175378,1847.648,1956.8410092844797
2.331763,1998.5024,1875.992817547757
1.7943648,1693.6809,1812.128541537224
2.6961114,1934.599,1908.9451195064698
0.0,1444.2311,1601.887032762679
1.189803,1622.0267,1726.2696992223725
0.8508791,1595.4856,1679.2961251984602
0.3724874,1593.8947,1626.0147557799926
2.5710278,2026.7312,1898.5879434400301
0.0864982,1587.9591,1605.8902576556652
1.3275353,1543.773,1746.2100821346476
2.0133355,1696.6836,1840.195038647939
0.73813564,1557.2681,1664.9814796138762
7.797227,2044.9434,2035.3225815823369
0.0,1465.2816,1601.887032762679
1.7712059,1700.39,1809.0207406903085
7.068902,2047.5668,2041.3579542766695
0.83713967,1649.3158,1677.5062862165883
7.014859,1985.1636,2041.2105446739547
0.0,1323.5559,1601.887032762679
5.845481,1855.7518,2024.829336435673
0.0,1431.6023,1601.887032762679
3.2462919,1818.7742,1944.2133327595482
4.0699334,2029.6794,1977.0533430493826
1.9595329,1798.7048,1833.536501055555
7.6890388,2059.016,2037.2480001699744
1.8724991,1777.8533,1822.4285863021194
6.2908916,2038.7533,2033.429432982754
0.22347282,1594.9303,1614.2507900782657
7.824153,2061.3928,2034.7844918069304
2.5295892,1964.5297,1894.9399633480682
1.5347564,1773.9291,1776.122543531206
3.1936526,1925.347,1941.459395807321
6.4794507,1997.4893,2036.3396805188358
5.5294194,2040.2776,2017.6290317888258
2.3488157,1910.6962,1877.7267062345466
0.13549869,1549.518,1608.6008717904613
0.70740074,1589.1862,1661.238311102572
0.051578503,1317.0394,1604.153055203046
1.6131902,1772.9794,1787.2391813587594
4.3631873,1970.2039,1986.1542089919706
4.861212,1972.1373,2000.3922361034972
1.059807,1634.8293,1707.7435498024058
2.388285,1974.5228,1881.6668830698147
7.352347,2047.762,2040.8749327708545
2.3151927,1915.0455,1874.289766319338
4.724161,1965.7782,1996.5923007412891
4.104642,1976.8842,1978.1702211103873
0.22398402,1648.2003,1614.2865045547624
1.2246009,1836.9352,1731.2898168558975
2.2430859,1963.3767,1866.6705418188167
0.673274,1738.1738,1657.1700112684557
7.1506805,1980.0677,2041.4408156744273
3.7662418,1943.446,1966.625814167567
1.6008112,1857.243,1785.496002021207
0.6953098,1661.622,1659.7861152212574
2.9450595,1857.6512,1926.8093805060153
1.7068868,1806.2858,1800.2690582683163
6.099263,2011.6097,2029.9918803825283
6.4582615,2036.7695,2036.0387500434606
2.860981,1870.3408,1921.1635273857332
0.28543845,1479.2201,1618.8167868237826
5.8061852,2059.1833,2023.9766152171594
4.8780255,2025.7896,2000.8526881361681
2.5414333,1777.069,1895.9938334823196
1.1499195,1867.5894,1720.5418094348502
2.458195,1905.5103,1888.3959358099364
3.9089007,1958.7168,1971.6884169212553
1.603866,1873.9667,1785.9265973454512
7.450198,2051.866,2040.179694869536
0.15199865,1439.6117,1609.5845406840222
0.8574641,1874.8224,1680.158081485934
0.15198284,1264.6293,1609.5835811843424
0.40595478,1416.8564,1629.0161832197905
2.8640199,1579.9993,1921.3742235907944
7.7950068,2036.6943,2035.365900478346
1.5467559,1599.5763,1777.8336117157044
2.497387,1817.393,1892.0290841493381
4.284226,1904.5771,1983.7710704550225
2.5477908,1910.9736,1896.5558111057987
2.7668903,1922.1624,1914.3836429611906
0.4093839,1462.2826,1629.330833749359
0.83472997,1505.3052,1677.1935928335051
0.38798773,1799.6812,1627.3890998160944
5.8801217,1955.481,2025.5699650450786
0.122498095,1569.048,1607.850881372824
4.4921823,2017.6403,1989.962894056889
7.3331466,2017.1803,2040.9782158375258
0.0,1494.6056,1601.887032762679
0.31347668,1450.1196,1621.037136642572
2.7703454,1980.1238,1914.6415606474395
0.08799888,1728.4288,1605.9685596777788
1.6379637,1752.4966,1790.7134657839313
0.53267276,1488.9902,1641.4838469859199
2.2459328,1853.933,1866.9777578156625
0.46994817,1424.8168,1635.1004585840153
0.0,1501.5245,1601.887032762679
7.665642,2033.1997,2037.6147905788937
0.66778153,1751.9907,1656.5241995319245
1.3542627,1619.0128,1750.0897204405505
0.8688391,1592.055,1681.6531941969204
0.02699966,1579.8243,1603.0283882750498
2.8689342,2025.1685,1921.7138750828394
0.22999819,1813.426,1614.7091432759748
1.1758547,1817.1816,1724.262985611288
5.722323,1977.1398,2022.1141827244735
0.0,1575.3842,1601.887032762679
7.001895,2025.8722,2041.1645615511306
0.23598568,1550.2394,1615.1344105746293
0.0005,1454.8729,1601.9072707555522
7.1475153,2055.7788,2041.4408354580698
4.4288044,1885.8997,1988.1038043447213
2.4377117,1856.7479,1886.4573925631864
0.0,1477.555,1601.887032762679
0.83828473,1665.8784,1677.655002877601
0.04899957,1549.6669,1604.03123133576
0.17948256,1650.4081,1611.3014279531412
5.9377623,2034.0662,2026.7783976547387
2.257497,1966.3143,1868.2202918755017
5.875738,2036.609,2025.4768259707087
0.043499183,1701.2133,1603.7743901680788
0.7824789,1862.4615,1670.5068769938505
0.88129956,1773.8567,1683.2997390111889
5.5276203,2004.8547,2017.5859832181654
0.07949839,1554.919,1605.5289814949087
5.0051637,1947.533,2004.2936000944812
0.59694034,1808.6973,1648.4288085259332
2.2817118,1955.9713,1870.7940129882113
2.794128,1967.8585,1916.3981243669302
4.5767727,2031.8499,1992.4106716677734
1.5537914,1836.6167,1778.8352313473956
0.087497495,1425.8241,1605.9423652656455
4.642438,2043.6943,1994.2862654049763
0.73871267,1650.8539,1665.0524494428225
0.2839031,1563.0569,1618.6979462382988
1.22736,1875.3405,1731.6885893486738
0.39538127,1547.6367,1628.0542561371346
0.9992548,1809.5969,1699.2929607483586
0.034499288,1433.8452,1603.3629222045129
6.8150015,1976.682,2040.070693501648
6.1314564,2006.8405,2030.5996103136897
3.0945692,1705.2911,1935.961877778967
5.53596,2037.6564,2017.7853542500782
0.032999378,1588.8832,1603.2954088580227
2.6248193,2020.9908,1903.1611354190618
0.7107814,1614.9911,1661.6464331918962
3.3385699,1918.0579,1948.785892857192
0.95840347,1861.3021,1693.6769727324418
4.6783547,2010.4269,1995.3035266068057
1.8717242,1926.3036,1822.3279050258748
7.977874,1842.771,2031.262404728468
0.30895635,1608.1945,1620.6727803120532
3.358876,1884.8124,1949.751230624588
0.621384,1683.1298,1651.1718566642865
5.650389,2030.4329,2020.472984356936
2.62369,1767.2627,1903.0669904061995
3.0526004,1999.2726,1933.5013462889597
1.8786814,1959.6633,1823.2307476560763
7.110115,2055.8728,2041.42123286601
5.939374,2019.138,2026.811744586872
0.3604623,1722.3434,1624.967493003229
2.4971647,1941.3733,1892.0087572318769
6.913196,2055.4192,2040.7434828834168
0.10299642,1406.6329,1606.7675144829682
0.13099584,1501.1084,1608.338600479286
0.0,1487.5168,1601.887032762679
1.0060278,1592.9706,1700.2310831534433
2.1936302,1875.9296,1861.2504557553711
0.079498924,1603.6354,1605.5290088070437
1.3336073,1870.2063,1747.0915440904207
6.815523,2016.5044,2040.0748140421074
0.9174394,1755.8616,1688.1248467678877
5.145065,2024.0955,2007.9936801855683
4.883571,2004.135,2001.0042817590117
0.6474809,1943.5966,1654.1593904214697
2.0998547,1833.3237,1850.5476425724166
1.9632888,1865.1147,1834.0066347996533
4.498612,1997.1553,1990.150259659775
0.8618754,1861.4495,1680.7369770477858
3.0544074,1996.2947,1933.608977309128
7.2407923,2045.1013,2041.3276010530628
8.097722,2008.6967,2027.9895937809572
7.191532,2011.4193,2041.4166798813621
1.099577,1558.994,1713.3635001705857
0.86784005,1674.0793,1681.5215717973076
0.0,1468.8242,1601.887032762679
3.9835405,1823.4762,1974.2153839054763
5.4278064,1982.0765,2015.16515794922
3.2474365,1971.042,1944.271999247206
5.4698997,2010.2092,2016.193722599409
1.0222372,1643.8832,1702.4838105826275
0.08499923,1614.9553,1605.8123437677043
1.2286816,1762.9175,1731.879633720669
1.0197135,1840.5269,1702.1323882830536
0.15748894,1426.0408,1609.9197051764136
1.2147577,1816.8333,1729.8679898747453
0.011499974,1529.3931,1602.3610927539394
2.568446,2019.2145,1898.3638546749178
0.93130535,1747.4781,1689.9947333182104
4.388153,1966.0663,1986.8991050795662
4.7431955,2018.4977,1997.1250537840822
1.3203354,1696.9424,1745.164891654426
0.7977535,1613.1632,1672.4426260367038
1.9840245,1714.5933,1836.587939872629
4.1395974,1931.7654,1979.282792855351
1.4732141,1901.8597,1767.298828779979
1.316006,1647.0282,1744.5364252071083
7.298339,1989.4425,2041.138318909373
0.1859929,1596.8643,1611.722372988489
8.62455,2042.6289,2008.5676833599769
2.8498032,1715.2565,1920.3841592945946
7.4430866,2057.7898,2040.2398732304528
1.0992737,1818.0801,1713.3204574949546
6.172002,2005.2522,2031.3482964724853
0.34398082,1495.0288,1623.5593137339079
2.0599785,2026.8539,1845.8318154372964
3.728454,2033.196,1965.225433430209
6.029346,2064.13,2028.633348711781
2.5505126,1795.8057,1896.79561797477
0.8399313,1724.0763,1677.8689987204195
7.297647,2050.0125,2041.1411501843222
4.8847895,2042.5286,2001.0375728050585
1.3624953,1469.7659,1751.2843925326404
2.6068208,1918.068,1901.6511958058475
5.655482,2058.0842,2020.5904522438818
6.068424,2050.5723,2029.3990584400453
3.642981,1989.8496,1961.951466841114
6.774435,2015.9836,2039.7328857244665
0.5637452,1472.7441,1644.7922213252448
8.49014,2059.145,2014.2345115876692
3.8471084,1831.3235,1969.5361703460885
4.4577847,1877.9287,1988.956695162542
0.41306642,1810.1631,1629.670193691121
0.0,1460.3096,1601.887032762679
1.151698,1782.5569,1720.7965349496026
0.0,1490.5625,1601.887032762679
0.16899656,1449.2307,1610.6348740243461
3.1705034,2018.2667,1940.212657596091
2.2325273,1936.0166,1865.5265699482818
4.7950535,2046.7296,1998.568294635208
0.7229225,1642.5288,1663.119542438557
2.7372959,1875.5128,1912.1458261658013
0.6783158,1636.978,1657.7650487048204
0.16546352,1532.1787,1610.4134837611318
5.792069,2043.8086,2023.66711724127
0.6651203,1643.1339,1656.2121996867859
0.8149474,1736.5413,1674.6406059615622
0.100498416,1656.2738,1606.632371156153
1.2800361,1734.221,1739.316945907783
4.6372113,1991.2699,1994.1377293534683
2.180039,1828.8861,1859.7335343406546
4.940585,2026.0007,2002.5549007376999
0.037999764,1726.481,1603.5216643519036
1.4279402,1883.5863,1760.7663350435596
1.5498769,1918.028,1778.278087325747
1.1484007,1925.2114,1720.324335213852
4.2679663,2010.3704,1983.274864378017
1.0153266,1410.54,1701.5221144051454
1.2548783,1933.4087,1735.6705467705358
3.162093,1793.6993,1939.7541456096353
0.8113735,1642.9231,1674.1821101137282
1.7311229,1906.4323,1803.5867847591944
0.0,1412.7942,1601.887032762679
0.47774857,1573.384,1635.8721730722896
6.9132566,2046.5514,2040.7438324975317
5.9679666,1989.5424,2027.399231707393
0.2504886,1522.1616,1616.183032427759
0.007999991,1523.816,1602.21491422697
1.0050651,1625.1709,1700.0976245238658
0.45248106,1808.7075,1633.395767044508
0.28747043,1849.3494,1618.974508405956
0.31843567,1664.6082,1621.4396569553064
0.30647144,1385.6202,1620.4735286770385
0.8538631,1644.3029,1679.6863941726567
3.767442,2003.5897,1966.6698515438343
6.763903,2055.095,2039.6396800846233
0.40537846,1714.8041,1628.9634297937037
1.3219935,2017.9742,1745.4055908684345
1.3911945,1854.7888,1755.446505845657
0.66811264,1418.448,1656.563060224023
1.5534271,1678.2495,1778.7833971501636
6.5118804,2015.5675,2036.7865522176096
1.2013564,1481.9462,1727.9344080743476
2.6033168,1797.0557,1901.3548781069935
0.111489154,1448.0138,1607.233144095552
0.9041955,1639.4963,1686.348306200103
2.8126059,1944.5094,1917.7404617399568
1.5764165,1992.4292,1782.0477698558116
0.01949987,1664.9869,1602.7014460275695
2.1420531,1908.6853,1855.4319462663357
4.51818,1950.677,1990.7191289487007
0.13315481,1568.7072,1608.4640199631808
2.4401228,1941.1257,1886.6869990205528
0.1634913,1679.2893,1610.290600039623
0.31644118,1402.1672,1621.2774121643963
0.9079754,1772.082,1686.8543823916862
2.627136,1945.2617,1903.3540203550758
0.41295877,1604.7494,1629.6602519023465
5.409105,2026.2473,2014.7047105092786
0.117498994,1612.3112,1607.5683930979624
0.98973376,1489.4991,1697.977475741131
1.3614285,1774.9161,1751.1295981371022
4.928172,2041.1793,2002.2185382802656
7.698241,2014.8793,2037.0989234971062
2.2715793,1902.3458,1869.721690153559
0.2624926,1713.4568,1617.0707054969962
1.7886101,1854.9744,1811.3585370116657
2.7790093,1922.5199,1915.2852558461693
0.0,1307.1577,1601.887032762679
0.25533274,1590.3888,1616.5391039984934
0.92153984,1612.6532,1688.6767698974566
1.9892161,1569.025,1837.230419205952
0.6282268,1711.5062,1651.949399037024
0.020499969,1467.2301,1602.7446042986153
0.5265623,1567.3759,1640.8444200972579
5.6382318,1998.2992,2020.1918203954847
1.4598855,1915.3444,1765.3787309642425
0.08399953,1725.2212,1605.7605472023242
1.6906472,1742.8113,1798.0331597249276
3.952152,2014.1825,1973.1618098645408
5.8917627,2000.9695,2025.816462212764
6.208,2035.7372,2031.9968480494424
5.602193,2019.7521,2019.3521109410578
2.5025406,1949.1304,1892.499429947534
2.4938228,1994.0383,1891.7027918695858
5.4111505,2010.2522,2014.755175232529
0.91444993,1974.7709,1687.7230194669064
4.160494,1998.6519,1979.942342408561
3.3592947,1880.1359,1949.7709872712278
0.20646356,1303.8274,1613.081245529312
2.0626051,1826.4907,1846.1453976385044
0.21597926,1564.5417,1613.7310362132107
3.1524303,1978.5297,1939.2236532278582
5.895374,2044.6067,2025.8926830188636
0.05699955,1585.8857,1604.4120463125723
1.1688514,1556.1776,1723.2568038905501
2.621306,1843.058,1902.867985254133
2.1093137,1761.6381,1851.6520573044033
3.5001442,2006.0525,1956.100224069346
0.36849442,1657.7592,1625.6651632668286
0.0,1397.5404,1601.887032762679
3.8305511,2019.0782,1968.949329235121
1.4632435,1901.8037,1765.8627417264192
4.8223524,1969.8368,1999.323249483175
1.2009625,1845.8744,1727.8776161037185
1.3766022,1629.7566,1753.3308390561813
6.587215,2056.5146,2037.7581260028296
3.001348,1951.3029,1930.3834081367477
0.0,1503.784,1601.887032762679
0.70047355,1914.2853,1660.404880453288
5.508488,1971.7286,2017.126877461678
0.21948837,1731.8269,1613.9735474685258
0.4109957,1568.2402,1629.479182464083
1.972829,1750.2184,1835.1972597183794
1.59315,1683.2284,1784.414900138347
1.8406585,1788.5698,1818.2668497836466
2.0446708,1889.3682,1843.9960698728157
4.4921947,1939.3624,1989.963255614941
3.0276082,1942.2638,1931.9967999334497
1.1280104,1744.2311,1717.4098891096942
0.33648676,1763.0894,1622.929507529623
0.024499746,1555.023,1602.9185632515007
3.5270312,1804.4286,1957.2418320307986
0.1819964,1437.8873,1611.4633234600667
0.46896595,1672.5701,1635.0037395124832
2.4052608,1816.049,1883.3302059416767
2.173012,1797.9701,1858.9446479063033
2.1238697,1657.201,1853.340814972346
3.0316446,1918.0642,1932.241818873903
5.2891583,2026.7888,2011.7030375870036
0.3514661,1567.1193,1624.1949402564805
5.642492,2045.7842,2020.2904695784073
1.2866876,1691.82,1740.281722112456
4.749881,2043.4564,1997.3117878290536
7.6190724,2045.4897,2038.29278710515
1.8966587,1953.6393,1825.5521788058636
0.1489967,1712.9335,1609.402936548956
2.3963232,1952.7797,1882.4568317776746
0.72046757,1823.1833,1662.8207518582178
4.2649407,1914.019,1983.1823129197421
5.7711887,1965.8145,2023.2063059994491
8.052524,2059.0586,2029.277444557305
2.9538095,1891.0371,1927.3755327060387
0.73083997,1537.2372,1664.086352353927
0.825316,1788.6877,1675.975541305051
5.809183,2050.3684,2024.0421283008181
0.0,1456.8896,1601.887032762679
2.7910967,1848.8842,1916.1760491146554
0.91884226,1541.4851,1688.3135737553662
3.9386683,1968.6198,1972.7052394321386
6.739328,2014.7933,2039.4135532991863
1.0751083,1681.2218,1709.8998766311636
6.598715,2019.331,2037.897959579139
0.6582883,1657.9528,1655.4139652506653
5.8366446,2015.1433,2024.638734836228
1.9582922,1914.4491,1833.3810277382445
4.275736,2029.3792,1983.512221003646
1.816475,1783.0286,1815.0728393732827
2.878575,2003.0316,1922.3763652988043
6.427507,2023.8406,2035.5897108823765
0.15199949,1563.759,1609.5845916640405
1.2989571,1875.3352,1742.061928131404
0.5863095,1876.5079,1647.2529235403504
3.292687,1986.6147,1946.5513803308695
0.4889601,1720.0092,1636.9925219258796
0.0,1396.8634,1601.887032762679
0.59845436,1672.6255,1648.5971265086228
0.8653727,1787.3197,1681.1967577708233
7.560939,2036.8779,2039.0426451481926
6.3937187,2015.3579,2035.080075234107
4.8133435,2000.2167,1999.0744713763818
0.5861664,1623.5159,1647.2371668612382
3.3260715,1936.4376,1948.1846343820753
0.0,1438.7565,1601.887032762679
1.8621242,1852.8932,1821.0780811027355
0.6610253,1406.9316,1655.7332743869706
2.0074549,1610.5483,1839.475318781164
0.31192875,1455.9235,1620.9120923530377
4.8582926,2011.5619,2000.3121583711252
5.6160617,2006.9622,2019.6763453682054
0.0,1476.6725,1601.887032762679
0.55987704,1664.3269,1644.3752550673805
0.28997126,1619.9375,1619.169309800634
0.5009895,1878.7513,1638.2090949362798
1.4623388,1761.5442,1765.732358286386
0.073997885,1674.5062,1605.2496678310551
0.31747335,1739.3097,1621.3613164374683
0.622425,1628.2195,1651.2898754499859
0.049999665,1545.2615,1604.078367854081
0.66615814,1569.486,1656.3338039989721
0.2489805,1517.3406,1616.0727720876512
2.137209,1889.5374,1854.8768773018405
6.4051824,2022.6924,2035.2548660286302
0.049499556,1507.5044,1604.0547798979107
4.2842956,2028.5282,1983.7731902839935
4.604619,2030.5865,1993.2085776140577
3.302775,2005.0846,1947.0491496627126
0.3684063,1507.2611,1625.6574688508094
5.612008,2041.5372,2019.5817146883307
3.324585,1982.1422,1948.1127587912008
5.529405,2055.564,2017.6286873126087
0.1454945,1587.783,1609.1925509452449
0.13599919,1479.1743,1608.6301875020654
1.7911152,1904.5286,1811.693915031347
6.8902774,2060.2302,2040.605349977206
0.46541426,1554.2504,1634.654856908092
8.500286,2051.8398,2013.8221458204007
3.2038782,2013.3763,1942.0030733832834
2.9551206,1724.4972,1927.460025512943
0.9493206,1465.8055,1692.43873930214
1.260397,1768.1749,1736.4700157526368
0.0663124,1444.6185,1604.8661653887682
2.771038,1997.4839,1914.6931785273898
7.0789223,2054.6917,2041.3773044377585
3.5013568,1975.4836,1956.1521402427288
0.15799817,1671.8972,1609.950990148489
0.5804098,1612.8074,1646.6049003101127
1.6046324,1759.8865,1786.0345833380975
1.2612679,1865.2914,1736.5962026650996
5.993136,2053.2864,2027.9098333700488
1.6476965,1913.5933,1792.0729696933229
0.80725926,1521.2711,1673.655344785296
3.6870463,1853.2299,1963.658583560733
1.0097036,1697.8099,1700.741006825861
5.890827,2020.404,2025.7966939138328
0.36987492,1369.9071,1625.7858215176961
0.45524874,1637.3583,1633.6637073186166
1.9726696,1767.8495,1835.1774083744747
7.3149986,2005.8871,2041.0660302238239
1.867913,1707.0198,1821.8322808240257
2.2287557,2004.8147,1865.1161941069086
0.0,1542.9233,1601.887032762679
6.211523,2033.1501,2032.0594819208447
6.51187,2017.5295,2036.786411608328
1.602467,1711.6365,1785.7294328247694
6.9055257,2055.185,2040.6985633126858
2.3662739,1956.4397,1879.482114761521
3.073105,1817.3898,1934.7136776326074
1.7816174,1794.2125,1810.4208728210983
2.0834823,2033.0743,1848.623087691016
4.2471833,1947.431,1982.6377182095284
2.5114343,1963.5378,1893.307086384852
6.466397,2053.7659,2036.1551158964471
1.3882704,1568.6879,1755.022669133574
3.4321632,1976.2664,1953.1217676101767
4.450183,2041.6381,1988.7334417126585
1.9984434,1968.4491,1838.368536176229
3.3917353,1928.9052,1951.283935194238
7.495968,2057.7578,2039.755552744825
3.782894,1764.651,1967.23446047767
4.421975,2019.068,1987.9021067111091
3.1065166,1974.503,1936.6475593738528
2.4466941,1804.5886,1887.3108530605764
4.9171553,1953.0854,2001.9194344764205
3.8649313,1903.8392,1970.1629523698775
4.122068,1992.7318,1978.7263493227974
0.07249646,1452.6373,1605.1741272428626
2.565753,1982.5669,1898.1296632763804
8.373404,2066.24,2018.7850595215193
0.47244427,1747.7924,1635.3467074978953
0.9187764,1732.3386,1688.304711282738
1.8688135,1909.7363,1821.949451789835
1.8141,1895.9487,1814.7576633697067
0.40840548,1446.449,1629.2409218589482
0.0,1498.3234,1601.887032762679
0.010999977,1597.0249,1602.3401084338266
0.55696666,1760.721,1644.0624819484112
1.0774827,1841.6489,1710.2351713843254
1.2447463,1844.6831,1734.2034964481072
8.7623005,2045.7853,2002.3408169532133
4.10247,1960.1125,1978.1006924708022
5.896598,1955.831,2025.918490204227
7.789157,2059.5498,2035.4792720177147
1.5831544,1931.0441,1783.001854997698
0.59298384,1872.6605,1647.989952151802
1.494148,1692.4532,1770.3085152985245
0.21749234,1615.8138,1613.8354132717382
1.0785817,1777.0712,1710.3904244569242
4.8468924,1961.9645,1999.999095480358
3.2033086,1969.4382,1941.9729008431948
2.3029597,1903.9841,1873.0209865067707
4.934222,1895.5406,2002.3825650267024
6.3190413,1924.6422,2033.8957229607477
0.65553916,1546.9854,1655.0938823111792
0.28208002,1769.0826,1618.5572068799083
4.747714,2034.7993,1997.2512827974238
1.6446809,1591.9216,1791.652080433989
0.8643954,1809.7863,1681.0682012461775
1.6258184,1944.4768,1789.0126198256935
7.6354437,2017.1622,2038.0623176388888
3.8814888,1946.3933,1970.740801631695
3.9037223,1719.9297,1971.5102467818735
4.4441023,2034.3207,1988.554622025798
0.010499979,1427.7325,1602.3191579650509
3.6314778,2039.8353,1961.4987300798805
3.9910648,1978.5669,1974.4660751423735
0.077991754,1533.9233,1605.452073909888
4.812783,2033.5983,1999.0589814818604
5.871995,2032.3109,2025.3971642315898
0.3119595,1555.2257,1620.914573600574
4.485502,1925.4948,1989.7679895937576
3.7588358,1981.0618,1966.3534850841397
3.986899,2029.9788,1974.3273682044826
7.16873,2027.1228,2041.4356393975668
1.0567275,1714.6392,1707.3105209649243
5.9639354,2055.8018,2027.3168782596915
0.10249158,1389.65,1606.7401358132074
0.0,1506.7286,1601.887032762679
3.2296035,1890.1162,1943.352170162396
2.6052392,1777.7529,1901.5175423139856
3.8814332,1985.2703,1970.738868216732
0.42735627,1559.669,1631.001277213722
1.9766264,1914.8876,1835.6697572613227
2.7881358,1965.1764,1915.9586215034478
2.0316334,1937.9448,1842.4216159746845
1.2488254,1871.7781,1734.7940056127413
3.7211277,2031.0725,1964.9507315664728
2.688167,1878.5701,1908.3159759706616
0.8789703,1795.413,1682.9912617792515
0.87180865,1527.4386,1682.0447725714491
5.3308887,2035.5548,2012.756621115067
2.0089557,1748.7,1839.6591902940172
2.007655,1793.9062,1839.4998416915464
0.40244928,1577.0724,1628.6958812879986
0.25946593,1767.3485,1616.8452110947812
0.07449851,1553.6838,1605.2749224608974
0.7874321,1808.8446,1671.1328262760658
1.3216054,1764.8707,1745.3492518600517
6.442496,2033.7659,2035.8103548774595
8.333576,2032.7991,2020.2526522028331
0.5202618,1639.6708,1640.1890113857214
0.1304924,1575.9641,1608.309442250648
1.2858542,1786.6998,1740.160827460318
4.658101,1873.1979,1994.730621671633
2.7838724,1812.9651,1915.6446605013239
1.7222627,1766.9906,1802.376612160524
0.9621062,1554.9669,1694.18287846202
0.11049121,1366.6366,1607.177936294977
8.0431795,2012.7467,2029.535645701788
0.8792066,1572.5282,1683.0225420921956
4.2150326,2040.0258,1981.6453999513296
2.5054276,1961.7095,1892.7621640317425
5.000818,2023.5812,2004.1771937737715
5.475528,2052.8599,2016.3304172333999
0.62124634,1655.7899,1651.1562573245315
2.352385,1870.5382,1878.0872187496302
2.6687963,1897.8925,1906.765866100653
0.9212844,1342.603,1688.6423617093208
6.1235127,1928.2579,2030.450728204986
3.754739,1896.1456,1966.2024003365925
0.123492725,1523.2623,1607.9074774969947
1.411199,1936.0934,1758.3442376423254
5.83917,1948.1208,2024.6932765451943
0.14699951,1617.265,1609.2827649258536
0.6478075,1765.6696,1654.1971564752362
3.3913896,1970.1276,1951.2679951629755
1.7381548,1709.7013,1804.5449629912052
0.07299946,1640.0532,1605.1994009585187
3.690064,1684.1552,1963.7739623293955
2.2545018,1644.5985,1867.8992981314584
4.356865,1926.4152,1985.9649412794565
0.09349969,1392.149,1606.2581373195062
3.58704,1970.7993,1959.7206936166367
4.878607,1880.0831,2000.8685906104922
5.6587906,2057.4958,2020.6666619316343
0.9100021,1587.8406,1687.1260473562766
0.43294325,1602.0881,1631.5278036851114
0.84546065,1890.9784,1678.5888605585608
3.9517767,1792.6476,1973.149134864584
4.393587,2046.408,1987.0607211169342
4.4399753,2035.7106,1988.4331356597081
5.315635,1998.1562,2012.3726261776478
0.3894603,1692.8811,1627.5210862973208
2.3933306,1878.8539,1882.1632299708888
0.04349872,1454.8835,1603.774368719528
0.0,1564.4681,1601.887032762679
0.3309634,1618.6869,1622.4695457825062
3.2600043,2048.916,1944.9128427008513
0.42491284,1567.7136,1630.7720794300794
4.4860935,1999.1699,1989.7852569626762
2.7389543,2013.9941,1912.2725925469028
2.3309417,2003.7081,1875.9088291808284
1.5692247,1797.3987,1781.0280559367766
0.83587915,1641.9067,1677.342669703333
0.569971,1561.3881,1645.4663387362623
6.220875,2045.391,2032.2250113373982
1.6467386,1869.986,1791.9393081063313
0.80936694,1791.3522,1673.9250598893418
2.5753386,1913.4198,1898.9611593376358
0.68890196,1681.7573,1659.0212698372422
5.049765,1950.0806,2005.4832688350778
0.45941365,1374.7014,1634.0684588101133
7.6351213,1988.0911,2038.066938555214
3.4228647,2019.5914,1952.7036126225685
4.7661433,1973.5016,1997.7651807885206
0.1459958,1701.6897,1609.222567337486
2.6139474,1998.4923,1902.251486313583
1.7699459,1731.2892,1808.8509725765566
6.559983,2032.9069,2037.4179156405703
0.8997321,1721.0858,1685.7517210823662
0.57743996,1565.412,1646.279930577072
1.1754375,1956.5027,1724.2030189626305
0.84641767,1775.1376,1678.7136474824742
3.0670419,1948.5718,1934.3572434442713
0.55638695,1430.8285,1644.0002792655466
5.7857656,1997.6296,2023.5283825483007
4.611224,2009.5253,1993.3972848776054
2.3434682,1849.2721,1877.1850289818412
1.960976,1833.2378,1833.7172297171883
1.1846772,1851.363,1725.5318541652673
0.14899951,1405.0168,1609.4031059931947
0.80068964,1592.0422,1672.8165585516062
5.686161,2037.1469,2021.2940008158657
3.156792,1850.7217,1939.4636084574852
0.04899957,1470.2526,1604.03123133576
0.8372153,1593.1034,1677.5161062437473
2.12824,1763.3102,1853.8452875282314
0.74246556,1614.4805,1665.514635807044
0.19549379,1606.5815,1612.3464145873154
1.1225328,1465.1216,1716.6286938105275
0.46146122,1597.8263,1634.268123112462
0.9766961,1834.8154,1696.1824940535355
5.133564,2052.5479,2007.6930538714441
0.3224816,1805.4486,1621.770232961613
0.9214598,1791.9402,1688.665988011389
0.3194441,1648.2009,1621.5218694633315
0.25597587,1505.4027,1616.5865960304561
2.6265035,1982.473,1903.3013925282655
0.003499999,1636.3826,1602.02941182437
0.035999745,1536.5446,1603.4307637472177
1.4718741,1847.6981,1767.1059188240868
6.895224,2026.2169,2040.6361570113888
1.466266,1753.7295,1766.2982459351724
0.6993417,1810.9718,1660.269068861213
0.0,1377.414,1601.887032762679
0.5898808,1422.0878,1647.6467766249123
4.2841606,2026.5151,1983.7690785144969
0.6623084,1650.1974,1655.8831849110484
0.07749949,1535.111,1605.4270114287558
3.4682212,2011.4081,1954.718457960862
5.588291,2021.0725,2019.0257464858817
6.727261,2032.2213,2039.2981453960708
0.14247635,1542.199,1609.0125247838066
0.142998,1538.3832,1609.0435552218794
0.21243979,1619.4424,1613.4880014444598
1.3943182,1911.4287,1755.8992040383525
0.5169925,1734.2487,1639.85049377157
1.3073548,1450.5571,1743.2806885574353
0.22899632,1508.7064,1614.6384229520966
4.632884,1821.0577,1994.014655771989
2.702297,1726.0743,1909.4323352879915
0.5511742,1668.3326,1643.4424153531365
6.89364,2057.8794,2040.6263512125704
4.3473296,1958.1652,1985.6789923026279
1.3971564,1695.8077,1756.3104611611734
0.3152451,1691.6145,1621.1803425978644
0.0,1628.6394,1601.887032762679
0.35692772,1555.4163,1624.6628400253328
1.6714671,1796.3636,1795.3797096274373
0.22649238,1658.4944,1614.4622245918033
3.5260968,1954.8413,1957.2024887373186
2.1640923,1891.2222,1857.9387777971526
4.4644866,1967.4215,1989.1532526091019
0.14789318,1714.5573,1609.3364732079508
4.5967336,1973.778,1992.983013216256
4.5690846,2026.7834,1992.189706790943
5.7231545,2059.21,2022.1329236139984
1.3658794,1551.4169,1751.7753997374311
0.44998643,1858.0818,1633.1549651889702
3.3047497,1931.3247,1947.1461534047444
1.344711,1789.2373,1748.7033704353416
0.7957757,1766.0286,1672.1910739864159
7.6235743,2060.5557,2038.230260027226
4.6372156,1995.1455,1994.1378516067123
7.4701967,2021.582,2040.0022358383794
1.0959797,1571.1176,1712.8531628247363
0.042498715,1587.8903,1603.7281106467476
2.7281592,1898.395,1911.4445015596084
3.523741,1911.8855,1957.1031922689701
4.016468,2018.7821,1975.307320606263
1.821408,1558.8335,1815.7266268324813
6.5074716,2043.3977,2036.7267881022856
0.21098302,1491.5068,1613.3884335674059
0.34393623,1482.9661,1623.5555468952787
0.01949989,1408.1204,1602.7014468892976
0.1929973,1721.4529,1612.1813224196546
0.58063924,1545.0065,1646.6300409592625
0.3464971,1696.0134,1623.772258726323
0.33246797,1766.9409,1622.5944836451285
0.10298102,1475.4075,1606.766678806014
0.06649931,1651.4591,1604.8753984579362
2.3189545,1785.8365,1874.677968055824
0.3229636,1588.8271,1621.8097448004783
0.5394203,1536.033,1642.1942443031662
4.1824484,1903.5319,1980.6310083863125
2.5189567,1950.0198,1893.9862333102017
0.024499746,1821.8671,1602.9185632515007
0.003499999,1587.8182,1602.02941182437
0.20248869,1524.2643,1612.8132140745772
1.009834,1595.0364,1700.7591066228822
0.5059372,1591.1031,1638.7137875774006
1.2267157,1668.3328,1731.5954601694957
0.26893085,1531.4739,1617.5541210625831
6.272405,2040.825,2033.1175205173088
1.1008219,1697.7426,1713.5401973006615
0.0005,1325.7407,1601.9072707555522
0.0,1559.1744,1601.887032762679
0.22149986,1858.65,1614.1132594605306
0.9128882,1694.407,1687.5132892687577
1.517473,1739.846,1773.6522542193911
0.72637147,1428.2714,1663.5401062171627
1.8668299,1769.6346,1821.6912961973649
0.6709671,1916.1505,1656.8984552868583
1.7231084,1828.7347,1802.4922589670987
2.0882645,1935.1848,1849.1869194393028
0.007368415,1497.7634,1602.1887130999735
2.721272,1929.0107,1910.9125640516838
4.7371073,1999.3907,1996.9548290800444
0.08899547,1371.7579,1606.020724824825
0.85348386,1937.6626,1679.6367642501953
2.3613632,1889.1265,1878.9903640301552
5.793005,2033.3726,2023.6876902102895
2.4980712,1936.2316,1892.0916267593836
3.2384038,1767.89,1943.8076444624605
4.247099,2009.5919,1982.6351270490497
0.7193508,1700.2712,1662.6849842665931
7.9503965,2061.5054,2031.948060609256
1.3877548,1759.6465,1754.9479286311444
5.441968,1877.2207,2015.512420179691
5.5488234,1994.064,2018.091965440974
0.31495795,1490.8997,1621.1570639270396
5.0436935,2055.8152,2005.3218655065446
1.4968545,1809.6566,1770.6970522373292
1.2357167,1802.1403,1732.896948136357
0.36848867,1655.3284,1625.6646611641195
0.4829563,1776.8455,1636.3909419800152
0.47032556,1566.9683,1635.1376472280388
0.4539642,1806.5034,1633.5392483607384
4.396536,2054.2888,1987.1483530893045
3.5811353,1910.1664,1959.4808466736906
0.42945442,1645.2179,1631.1986098288746
5.2464056,2053.084,2010.6137852391355
3.3364446,1995.6688,1948.68403635924
7.32853,2066.5964,2041.0014553586561
1.7584624,1956.8857,1807.300541853494
1.517004,1918.9596,1773.5851301864054
4.9359546,2037.3127,2002.4295088207791
0.48998275,1677.2091,1637.0953645891693
1.756375,1857.2538,1807.0181032019302
0.1364886,1471.0421,1608.6588853040062
5.1073785,1992.4901,2007.006169569086
5.023538,2051.9192,2004.7848230324744
3.2180376,1939.579,1942.7489036394866
4.573891,1965.2671,1992.3278825863458
0.5943979,1665.4474,1648.1466339470062
1.5606352,1938.608,1779.8083783526438
1.9400891,1635.7098,1831.0902092689919
2.1652462,1918.1427,1858.069185488
5.5390196,1975.2563,2017.8583824791992
0.3654736,1773.7771,1625.4019023943933
5.1915293,1960.3447,2009.2015032765887
2.8717961,1856.6108,1921.9110662507933
4.7236147,2046.1188,1996.5769864257286
5.173753,2042.8951,2008.7406967397678
0.283499,1825.327,1618.6667153668373
0.77114314,1512.6952,1669.080840120063
0.41235015,1655.4762,1629.6040682867424
1.2024074,1904.0825,1728.0859517366737
0.33599892,1820.2062,1622.8887376765206
0.02549993,1482.4955,1602.962401498203
1.2921637,1697.5762,1741.076179896109
6.632861,1966.856,2038.2994400304797
5.8143125,2001.5724,2024.1540521220195
1.0381379,1644.7565,1704.7035859699092
4.061001,1992.3716,1976.7638529883714
2.9282808,1917.6273,1925.7126469452917
2.392314,1741.2006,1882.0633587617226
7.3618484,2051.0864,2040.8198498899196
0.05199948,1484.484,1604.173026164301
0.69987047,1615.3453,1660.3325036036229
3.1649573,2044.9119,1939.910635281552
5.350384,1983.4824,2013.2454841327674
5.2941537,2038.1248,2011.8296650895525
0.62387836,1341.3738,1651.454805666763
1.5837994,1859.5735,1783.0931212452326
7.026073,2061.6711,2041.2470363860325
1.9106467,1918.0142,1827.3468235141809
0.19199418,1700.0283,1612.1152103465668
5.412641,1976.6334,2014.791931714857
1.3448572,1728.0404,1748.7245917555147
0.5042373,1394.7981,1638.5401062109304
2.0086918,1940.891,1839.6268678500246
1.6747504,1801.5715,1795.8348860979283
6.14739,1973.9188,2030.8960850100757
2.4829183,1902.7502,1890.6994125883232
1.3436282,1649.4781,1748.5461978532771
0.12549852,1581.2942,1608.0220057177416
2.7342794,1894.5498,1911.9148303086283
4.8373938,2033.0093,1999.7378140856385
3.206461,1716.1971,1942.1397228547403
1.2822934,1861.8406,1739.644331911691
3.610968,1994.183,1960.6839317043475
0.39721742,1577.1849,1628.2203999874882
1.9087607,1651.7606,1827.1054527943306
5.801951,2036.4985,2023.8839542421715
0.9607152,1727.0785,1693.9927497675951
4.5433908,2010.5403,1991.4490925055636
0.28699315,1667.3446,1618.9374170459055
4.0699825,1995.4224,1977.0549319541885
0.07473656,1669.6179,1605.2869429114912
5.009578,2024.3004,2004.4117551145173
3.398601,2027.6771,1951.5997078844591
0.4239075,1654.1199,1630.6779673470928
2.4755156,2019.9409,1890.0138623279906
3.300639,1927.7644,1946.9440631144732
1.20791,1867.521,1728.879648776125
6.6637807,2046.8455,2038.644882555376
0.56145996,1827.099,1644.5457112371555
0.7929316,1610.0057,1671.8298083627024
0.03849901,1500.6388,1603.5444390956695
5.135093,1865.9524,2007.733058188255
5.8114376,1894.9213,2024.0913500777467
2.5164745,2013.3373,1893.7625348425663
0.15099543,1583.265,1609.52372019452
0.2474412,1507.1912,1615.9605216845753
1.372159,1678.3727,1752.686383815877
1.058778,1727.7235,1707.5988192274858
5.6892858,2041.1067,2021.365266389106
7.239718,2052.943,2041.3302543460723
1.7347953,1925.849,1804.087445271528
0.8911544,1729.7499,1684.608300101345
2.953897,2031.9491,1927.3811743232677
3.4800184,2047.9679,1955.2324966136027
7.5135117,2051.9817,2039.575949306583
0.24895576,1414.0271,1616.070965646758
7.5723276,2055.6113,2038.9041277218566
1.3408465,1870.4998,1748.1424139804915
0.30828962,1629.15,1620.619246166807
1.2628696,1735.4502,1736.8282931786264
1.286462,1649.8857,1740.2489957814446
0.99159694,1759.8318,1698.234599168835
3.9795156,1735.0591,1974.0809927058388
0.0,1522.2731,1601.887032762679
0.21494274,1503.2244,1613.6597005594012
8.012996,2058.4902,2030.3506779399952
2.754512,1857.6481,1913.4539013261751
4.8425946,1955.3738,1999.8809237388268
5.1577806,1785.9396,2008.3252929404189
1.7174999,1653.9049,1801.724780544915
5.1604376,1906.4204,2008.3944837284648
1.9741125,1862.6146,1835.3570520669612
3.1709266,1890.003,1940.2356504238703
1.2880921,1896.487,1740.4854695522579
0.18692729,1394.0624,1611.7832343899781
0.91441387,1823.8743,1687.7181753801392
0.6634579,1736.9216,1656.017604794303
0.19249275,1514.2488,1612.1480532668222
3.4814622,1937.4315,1955.295130688556
0.39522332,1591.0504,1628.039981771489
2.055497,1726.109,1845.295828051856
2.1214087,1997.032,1853.056215289467
0.856329,1793.9889,1680.009312183402
3.511456,1938.0771,1956.5829377880148
0.027999641,1545.2828,1603.072555404071
0.5684566,1782.67,1645.3020217741475
2.8771322,1823.1145,1922.277542022203
3.1564748,1996.8906,1939.4461853934247
1.556657,1638.7798,1779.2428459584078
0.46145365,1741.9309,1634.267384118064
0.017999977,1488.9272,1602.6369733785236
0.0,1544.1383,1601.887032762679
1.7231958,1810.1737,1802.5042090055697
0.5729815,1861.6165,1645.7936352401957
4.1293516,2001.391,1978.957913906327
4.497494,2004.7517,1990.11769636068
7.263187,2036.8156,2041.2649869530007
3.7163446,1945.885,1964.770812065707
0.13449636,1458.7281,1608.542260938208
0.50514054,1535.7924,1638.6323548836783
2.6163492,1851.2045,1902.453079519798
1.9616896,1489.4021,1833.8065556195766
0.0,1502.9432,1601.887032762679
2.44548,1939.3438,1887.1958029810205
5.933632,2026.99,2026.6928278970518
1.7908392,1934.4752,1811.6569785920533
2.4312928,1908.2294,1885.844279300948
0.6254282,1760.5283,1651.630892179931
0.09349844,1566.0516,1606.2580710598363
2.7297482,2006.2701,1911.566827924423
4.392236,2015.5558,1987.0205571870085
0.0,1463.7797,1601.887032762679
0.8168014,1861.609,1674.8787880003124
1.0733622,1949.8394,1709.6534207337656
4.9926972,1931.1519,2003.9594334471446
1.0452201,1573.7495,1705.6953101405616
4.0617847,1770.8981,1976.78928650345
4.9613347,2041.7064,2003.115621226051
7.8705516,2054.811,2033.8020555575547
0.4788786,1794.3757,1635.9845001218443
0.7249731,1804.8063,1663.3694797194967
3.2501295,1981.0809,1944.4098291953378
7.8758907,2048.3057,2033.6845245326072
3.1884685,1858.1586,1941.1821290213857
3.085014,1933.3446,1935.40882693034
1.4354974,1823.8892,1761.8586737072587
0.5684332,1825.0353,1645.2994845188855
7.825062,2000.0817,2034.7659158138356
0.19499461,1543.9362,1612.313340378746
2.7370894,1715.8866,1912.1300301176498
0.33792025,1573.409,1623.0494693140702
5.6617374,2003.9777,2020.7344702786834
3.1260302,1960.158,1937.7537320713952
0.15199754,1345.9019,1609.5844733177105
0.0,1637.2896,1601.887032762679
0.17849867,1731.185,1611.2382846849669
4.372307,2039.4523,1986.4267685856842
4.611365,1780.052,1993.4013110134006
1.5160965,1819.8514,1773.455234136742
8.422975,2058.3303,2016.8971541589933
0.23845954,1543.9879,1615.3114274324935
1.0353513,1831.7914,1704.313881326806
5.667925,1905.5316,2020.876643822277
5.5302906,2007.072,2017.6498700573948
4.5496564,2048.8894,1991.630003148527
5.7918353,2031.3911,2023.6619794643586
6.384286,2011.7007,2034.9348220589266
1.5782818,1510.2195,1782.3120203359933
1.3082187,1692.0583,1743.4060779247795
0.22348914,1529.0687,1614.251929750936
1.5218165,1899.453,1774.273680094378
1.0393941,1895.3795,1704.8793587227067
3.0696306,1936.1874,1934.5096355463572
1.9940817,1905.4713,1837.8311607458738
4.3841705,1986.5978,1986.7805428735173
3.22678,1679.436,1943.205388850014
1.9646285,1364.2949,1834.1741376714124
0.7764493,1601.4884,1669.747221703329
0.0005,1568.4786,1601.9072707555522
5.388267,2002.9254,2014.189195263237
2.8122473,1897.4363,1917.7145960846383
5.0941677,1809.7964,2006.658368429157
4.110225,2013.2605,1978.348723177222
6.385657,2051.3784,2034.9560136264922
2.1010592,1841.1597,1850.6885829404403
3.0881968,1757.1372,1935.5935088903047
7.2949214,2049.927,2041.152169232241
6.0345874,2037.2391,2028.73697352349
0.51858336,1735.6193,1640.0150839316434
1.4492704,1820.5028,1763.8476083099745
0.58282125,1673.2855,1646.8693796773669
6.6130514,2043.5364,2038.069041638645
7.9594836,2022.726,2031.7239979039343
2.3985515,1632.9419,1882.6750681454953
1.141871,1927.9976,1719.389955807538
0.9029056,1837.6655,1686.1757841640806
0.21748796,1598.418,1613.8351107085757
0.0,1625.5647,1601.887032762679
0.44357958,1338.4297,1632.5395947246086
4.611439,2062.908,1993.403423982674
2.2253664,1922.3955,1864.7466341004817
6.7576876,2049.9746,2039.5836272077668
5.5596857,2051.2983,2018.3500162011956
0.5909167,1720.0577,1647.761240820983
0.70244837,1862.5581,1660.6420865435855
4.2420325,1925.7252,1982.4792942373253
2.6279416,1904.7041,1903.4210150932556
0.86041373,1756.8705,1680.5450321103829
2.7883992,1789.2607,1915.9779841849727
2.7154486,1989.5343,1910.4605801545995
0.74108994,1403.9951,1665.3450985527702
1.1057146,1707.7314,1714.2350794702709
6.647178,2054.6072,2038.4615622206584
1.7209164,1912.8282,1802.192450781696
0.41795483,1760.2083,1630.1230062527743
0.51297027,1869.4215,1639.4354939738264
0.15849891,1579.6082,1609.981786297722
3.0797496,1839.9698,1935.1023404995287
1.3250133,1932.7572,1745.8439671857125
1.5099574,1693.0566,1772.5760557849735
1.3593305,1925.0365,1750.8251620824183
6.323171,2000.0177,2033.9632362424857
0.16198424,1474.4077,1610.1970381283343
0.13198316,1305.4473,1608.395880430566
7.0394773,2001.2865,2041.286625089299
0.19599873,1744.4631,1612.3799027536254
0.6029202,1793.1368,1649.0948347139365
7.635834,2052.1465,2038.0567190926631
0.82672924,1456.8069,1676.1580342868097
3.6231697,1991.2522,1961.1698550692583
2.7238727,1934.654,1911.1137631887157
3.1124308,1942.7354,1936.9846096258932
3.6093183,2028.1067,1960.6179639036027
0.3558547,1551.6755,1624.5706405116325
6.679939,1967.7906,2038.8183996578018
1.0734216,1768.9902,1709.6618032240149
0.25999197,1627.599,1616.8843212894944
2.5335703,1916.1771,1895.2951985882348
1.0199621,1513.4789,1702.1669944670457
2.7399735,1959.3232,1912.3504183840364
3.7642994,2005.1583,1966.5544878471483
0.71081024,1501.4178,1661.6499187192544
0.44185,1596.0885,1632.3742306271188
5.049295,1968.8011,2005.4707806338758
5.507956,2064.5737,2017.1140773402617
0.0,1496.7114,1601.887032762679
1.0513138,1788.7288,1706.550058759688
0.10499959,1543.8524,1606.8764833045575
0.7969547,1576.288,1672.3409962706405
1.0932297,1837.0856,1712.4632845301546
0.006999995,1456.2057,1602.1734540738212
0.79445523,1780.9653,1672.0232751757849
0.95989573,1884.4703,1693.880783185702
1.1794565,1520.753,1724.7808300461338
2.3170323,1700.8622,1874.4797206686926
0.5809617,1528.0747,1646.6653825464878
0.6472031,1479.2815,1654.1272745637878
6.5579643,2040.475,2037.392193489944
4.045662,2036.7323,1976.2646948606348
1.2257036,1776.3274,1731.4491784895972
0.1479935,1452.7548,1609.3425087835901
3.4247322,2040.0183,1952.7878093517995
1.0023608,1706.3293,1699.7229335046611
5.3632193,1972.5829,2013.5661575713448
9.030514,2059.3284,1989.2579597766617
1.4490904,1874.6655,1763.821631215812
0.1324981,1500.3545,1608.425805615016
7.852404,2046.0531,2034.1946292274401
1.2226096,1603.0138,1731.002074632909
1.0383543,1839.2816,1704.7338614210025
3.2014687,1970.9353,1941.8753485532925
2.017644,1849.2166,1840.7210771395467
5.2871,2047.3715,2011.650822448255
0.19799581,1620.2432,1612.5126695953381
1.5237745,1706.5839,1774.5536787965607
0.48466688,1603.8242,1636.561959716812
0.33949116,1769.2201,1623.181208315813
3.0196269,1961.6753,1931.509997517378
1.2789471,1817.673,1739.1590141093375
3.014044,1848.5231,1931.1676402743203
3.6265702,1910.3676,1961.3046565970956
0.7779581,1769.7094,1669.937071429321
2.1267185,1738.8152,1853.6697922693468
7.532431,2000.5491,2039.3715978462544
5.4038057,1974.0133,2014.5738546858472
5.335904,2038.6061,2012.8825902280707
5.5045505,2050.8284,2017.0320963476643
1.9218931,1796.0735,1828.7822165958355
0.38949615,1717.4424,1627.5243025933407
2.50604,1617.5665,1892.8178269152395
0.8984536,1790.928,1685.581036233804
4.3715663,2022.1454,1986.4046511521624
2.7806506,1889.6018,1915.40670805593
3.548724,1956.0326,1958.1486753243055
1.7021111,1633.9667,1799.612577713672
2.130422,1695.6661,1854.0967161036044
7.286069,1981.5846,2041.1865017648363
1.2670017,1731.0459,1737.4271385472796
8.240373,2060.18,2023.5092537134249
0.27949208,1749.1241,1618.358116436044
7.9876504,2042.4928,2031.0125934143834
6.9314146,1938.7045,2040.844839644023
2.0787313,1813.3269,1848.061558660957
0.19599971,1800.99,1612.3799677798816
2.6819644,1891.9756,1907.8221100610538
0.6921385,1541.0593,1659.4071694424028
5.984333,1987.2561,2027.731957492394
0.22547497,1487.7583,1614.3908559074662
5.301624,2004.3538,2012.018773108033
0.9980355,1490.3961,1699.124279940422
3.86943,2020.8234,1970.3203717929234
4.902594,1953.7246,2001.5232636217415
1.3444585,1876.3734,1748.6667192885757
0.4225697,1712.9314,1630.5529053927305
0.07449947,1614.5457,1605.2749709213795
0.8106852,1610.6583,1674.09390530806
0.07549858,1536.4363,1605.3254723206087
5.333993,1937.2731,2012.8346084456507
2.3012602,1792.1418,1872.843945728146
3.2308805,1997.5662,1943.4184523502777
0.8401692,1657.5985,1677.8999313868342
1.3867939,1818.094,1754.8086332552757
1.6625924,1591.0557,1794.1474514984245
5.6924305,2069.6023,2021.4369114583683
1.2949508,1916.3905,1741.4805764764476
1.2121572,1624.5898,1729.492575414993
0.7918357,1798.9572,1671.6907523200189
0.10949911,1448.1146,1607.1231820195515
1.7878143,1613.9741,1811.2519375032286
1.7076981,1820.0018,1800.380494015738
